id,name,age,country,signup_date,purchase_amount
1,User_1,36,India,2021-10-10,847.62
2,User_2,45,Germany,2022-11-19,459.73
3,User_3,41,UK,2022-12-19,690.5
4,User_4,26,USA,2022-02-15,449.54
5,User_5,51,Canada,2023-01-26,838.21
6,User_6,56,Canada,2021-05-13,114.94
7,User_7,27,France,2021-08-21,282.51
8,User_8,30,USA,2023-07-07,258.61
9,User_9,59,Japan,2021-06-30,874.15
10,User_10,36,USA,2022-02-10,521.51
11,User_11,70,Germany,2023-10-31,866.75
12,User_12,51,France,2024-06-04,198.41
13,User_13,57,Germany,2024-06-05,768.24
14,User_14,54,France,2021-03-04,855.5
15,User_15,70,Canada,2023-03-30,805.22
16,User_16,39,USA,2021-12-27,697.05
17,User_17,55,Japan,2022-10-23,576.4
18,User_18,18,India,2021-05-01,161.72
19,User_19,40,Israel,2023-02-02,984.27
20,User_20,30,Japan,2024-05-14,573.59
21,User_21,23,Germany,2020-02-13,163.72
22,User_22,32,Germany,2024-03-06,132.73
23,User_23,27,Israel,2021-03-04,816.91
24,User_24,66,Japan,2022-08-19,605.13
25,User_25,60,India,2024-02-27,516.58
26,User_26,46,Israel,2021-04-10,386.26
27,User_27,54,Canada,2020-12-29,940.9
28,User_28,57,Germany,2024-04-15,297.97
29,User_29,40,UK,2020-07-10,36.57
30,User_30,31,France,2021-12-26,171.16
31,User_31,38,Japan,2020-11-25,742.06
32,User_32,51,Japan,2023-04-25,218.39
33,User_33,47,Germany,2021-02-13,964.02
34,User_34,59,Germany,2022-11-12,438.92
35,User_35,41,USA,2021-04-06,351.57
36,User_36,58,USA,2020-10-18,831.76
37,User_37,23,Germany,2021-07-14,220.04
38,User_38,36,France,2023-02-27,357.55
39,User_39,41,Germany,2020-09-13,715.56
40,User_40,61,Canada,2021-11-04,210.3
41,User_41,70,Japan,2021-04-20,875.0
42,User_42,27,UK,2020-01-03,91.75
43,User_43,43,UK,2023-07-20,288.82
44,User_44,67,India,2024-09-27,499.24
45,User_45,70,France,2021-05-23,431.19
46,User_46,54,France,2020-03-10,289.29
47,User_47,32,India,2021-10-27,485.28
48,User_48,42,France,2021-03-09,225.19
49,User_49,54,Germany,2021-06-12,976.31
50,User_50,61,France,2024-08-07,619.58
51,User_51,31,UK,2021-04-14,289.36
52,User_52,70,Canada,2022-12-17,826.96
53,User_53,20,Japan,2024-05-26,975.97
54,User_54,54,Germany,2023-03-13,967.98
55,User_55,56,India,2021-11-16,325.28
56,User_56,34,Canada,2023-07-14,66.54
57,User_57,37,India,2022-07-28,98.37
58,User_58,33,Germany,2024-02-24,504.99
59,User_59,39,France,2020-01-15,842.54
60,User_60,40,UK,2022-08-14,421.15
61,User_61,30,Israel,2021-07-05,847.65
62,User_62,31,Germany,2021-02-06,729.8
63,User_63,47,Canada,2023-08-18,298.9
64,User_64,63,France,2022-09-13,522.55
65,User_65,35,USA,2021-01-09,726.0
66,User_66,28,Canada,2022-01-12,640.02
67,User_67,20,India,2023-06-27,445.26
68,User_68,23,Japan,2022-06-04,92.37
69,User_69,43,Israel,2024-04-10,87.98
70,User_70,66,Canada,2023-01-31,717.53
71,User_71,31,Germany,2021-01-07,731.96
72,User_72,63,Canada,2021-06-19,540.49
73,User_73,57,UK,2022-11-19,506.49
74,User_74,70,USA,2021-01-15,699.55
75,User_75,38,Japan,2024-05-08,560.71
76,User_76,24,UK,2024-07-30,133.64
77,User_77,44,Germany,2021-12-11,946.37
78,User_78,50,Japan,2022-02-18,621.0
79,User_79,32,Israel,2022-03-07,472.19
80,User_80,25,India,2022-07-03,795.26
81,User_81,48,India,2023-04-03,817.49
82,User_82,35,India,2020-04-16,140.09
83,User_83,32,USA,2020-04-16,18.95
84,User_84,40,Israel,2020-10-23,673.05
85,User_85,43,Japan,2020-10-22,983.41
86,User_86,61,USA,2020-02-21,468.35
87,User_87,23,Germany,2024-03-24,163.47
88,User_88,47,India,2024-08-27,634.71
89,User_89,54,USA,2021-04-14,521.04
90,User_90,29,Germany,2021-02-21,285.86
91,User_91,40,India,2023-05-19,385.17
92,User_92,27,France,2024-05-22,92.47
93,User_93,62,USA,2023-06-30,614.53
94,User_94,20,France,2022-11-05,732.53
95,User_95,59,Canada,2022-08-10,752.06
96,User_96,42,India,2024-01-03,331.72
97,User_97,42,Japan,2023-11-28,170.31
98,User_98,39,Germany,2020-12-06,477.43
99,User_99,36,Germany,2023-02-07,306.61
100,User_100,66,USA,2022-04-10,436.57
101,User_101,43,Japan,2020-05-22,412.5
102,User_102,53,Japan,2021-03-30,923.98
103,User_103,70,UK,2020-10-24,991.7
104,User_104,65,India,2021-03-14,735.46
105,User_105,47,Japan,2024-07-20,514.1
106,User_106,58,France,2021-11-28,407.02
107,User_107,58,India,2022-09-01,565.67
108,User_108,23,France,2020-02-15,435.19
109,User_109,42,Japan,2024-11-07,287.2
110,User_110,46,India,2024-07-02,717.03
111,User_111,62,Germany,2021-02-15,765.29
112,User_112,30,India,2021-01-29,902.87
113,User_113,57,Germany,2020-08-04,133.39
114,User_114,49,Canada,2024-08-13,889.12
115,User_115,35,Israel,2024-04-09,289.93
116,User_116,61,France,2022-01-29,490.35
117,User_117,52,Germany,2022-11-24,447.84
118,User_118,24,UK,2021-07-22,286.87
119,User_119,38,UK,2021-11-29,20.41
120,User_120,70,Germany,2021-09-22,673.32
121,User_121,68,India,2020-12-11,173.45
122,User_122,56,Canada,2020-06-16,566.1
123,User_123,37,Germany,2020-01-20,960.05
124,User_124,30,UK,2021-03-10,808.96
125,User_125,60,UK,2022-08-23,632.43
126,User_126,34,Germany,2022-04-25,150.57
127,User_127,25,Japan,2023-06-06,412.81
128,User_128,68,India,2022-10-10,348.64
129,User_129,52,France,2020-07-15,501.35
130,User_130,47,India,2023-01-21,808.9
131,User_131,62,Canada,2024-01-18,666.57
132,User_132,29,Canada,2021-11-16,957.57
133,User_133,32,UK,2023-08-03,76.23
134,User_134,60,Japan,2023-02-20,905.77
135,User_135,30,India,2024-11-14,989.47
136,User_136,30,Germany,2020-03-13,179.42
137,User_137,62,Canada,2021-06-07,493.64
138,User_138,24,Israel,2020-06-20,228.47
139,User_139,67,Germany,2024-11-02,874.31
140,User_140,42,Japan,2024-09-30,181.52
141,User_141,21,Israel,2023-12-10,659.91
142,User_142,23,France,2022-05-17,45.66
143,User_143,51,USA,2023-10-19,285.82
144,User_144,58,France,2021-03-20,753.72
145,User_145,47,India,2022-01-02,502.14
146,User_146,28,India,2020-10-28,48.44
147,User_147,33,Canada,2020-03-04,318.41
148,User_148,45,Canada,2021-08-03,112.74
149,User_149,28,Japan,2024-09-03,485.33
150,User_150,67,Germany,2022-12-20,533.67
151,User_151,47,Israel,2023-04-21,537.63
152,User_152,70,Germany,2022-12-22,240.67
153,User_153,45,Japan,2023-04-26,170.83
154,User_154,47,USA,2020-07-16,797.45
155,User_155,51,Israel,2020-12-18,869.87
156,User_156,53,Canada,2024-04-22,166.4
157,User_157,22,Germany,2021-02-22,983.09
158,User_158,45,Canada,2020-05-07,844.59
159,User_159,31,UK,2024-04-08,522.17
160,User_160,18,USA,2021-08-03,135.05
161,User_161,46,USA,2024-03-19,756.63
162,User_162,45,Germany,2022-08-31,812.1
163,User_163,34,Canada,2022-11-19,743.91
164,User_164,62,Israel,2024-01-16,518.37
165,User_165,39,Germany,2020-04-16,381.35
166,User_166,47,Israel,2020-08-24,247.44
167,User_167,49,UK,2020-06-07,924.96
168,User_168,63,Canada,2021-09-18,82.78
169,User_169,38,Japan,2020-04-01,159.17
170,User_170,58,India,2022-02-19,282.03
171,User_171,24,Japan,2022-03-06,144.18
172,User_172,36,Israel,2023-05-31,928.52
173,User_173,53,Germany,2020-11-06,489.32
174,User_174,57,France,2023-10-09,390.47
175,User_175,65,USA,2023-09-22,448.65
176,User_176,45,India,2022-06-23,807.74
177,User_177,49,Germany,2020-12-22,885.7
178,User_178,44,Israel,2020-09-26,761.39
179,User_179,52,Germany,2020-06-22,989.28
180,User_180,24,Canada,2022-11-05,118.39
181,User_181,53,Canada,2023-02-25,839.04
182,User_182,23,USA,2021-02-10,804.77
183,User_183,33,Japan,2022-06-26,256.83
184,User_184,58,France,2020-08-30,272.89
185,User_185,57,Canada,2022-03-31,206.03
186,User_186,70,Israel,2024-03-18,307.58
187,User_187,40,Germany,2024-06-27,121.7
188,User_188,22,UK,2021-07-30,363.58
189,User_189,37,Israel,2022-10-12,67.1
190,User_190,63,USA,2020-05-12,161.69
191,User_191,28,Japan,2021-06-27,890.7
192,User_192,59,Germany,2023-03-08,100.93
193,User_193,48,USA,2024-01-05,555.95
194,User_194,57,Israel,2021-04-13,692.11
195,User_195,38,USA,2020-10-19,907.12
196,User_196,53,France,2024-06-22,58.61
197,User_197,19,USA,2023-08-17,521.23
198,User_198,29,France,2020-12-12,351.44
199,User_199,37,Canada,2021-05-11,963.06
200,User_200,36,USA,2021-11-07,736.36
201,User_201,68,Germany,2022-08-14,723.35
202,User_202,50,France,2021-10-01,393.23
203,User_203,37,USA,2023-09-21,218.28
204,User_204,68,Japan,2022-02-12,126.58
205,User_205,45,Israel,2023-07-03,95.54
206,User_206,69,India,2020-06-08,280.68
207,User_207,30,Germany,2023-02-18,84.31
208,User_208,69,USA,2023-11-26,354.64
209,User_209,42,Japan,2020-03-23,245.12
210,User_210,34,Canada,2022-05-02,245.17
211,User_211,29,Israel,2021-01-23,225.95
212,User_212,67,Germany,2022-02-05,575.44
213,User_213,50,Japan,2023-04-07,409.51
214,User_214,22,UK,2021-06-07,226.99
215,User_215,69,India,2024-09-29,596.65
216,User_216,55,Israel,2020-05-09,198.18
217,User_217,49,UK,2021-09-24,493.26
218,User_218,59,UK,2021-02-23,499.66
219,User_219,63,Germany,2024-07-27,404.89
220,User_220,42,India,2021-03-12,864.44
221,User_221,56,Germany,2021-08-26,946.98
222,User_222,42,Israel,2021-02-15,481.07
223,User_223,68,Canada,2020-08-31,774.65
224,User_224,51,UK,2022-08-23,37.68
225,User_225,37,USA,2020-12-08,69.05
226,User_226,22,India,2020-09-12,15.91
227,User_227,29,USA,2022-12-21,676.02
228,User_228,25,Germany,2024-04-07,548.39
229,User_229,34,USA,2024-05-13,138.66
230,User_230,30,Israel,2022-01-20,619.92
231,User_231,64,France,2022-07-26,341.42
232,User_232,63,Israel,2022-08-16,787.86
233,User_233,61,France,2024-11-16,220.28
234,User_234,31,Germany,2021-08-29,212.05
235,User_235,59,UK,2022-02-24,367.63
236,User_236,38,UK,2020-07-19,458.48
237,User_237,36,France,2020-08-11,748.22
238,User_238,37,Germany,2023-01-08,646.09
239,User_239,69,Germany,2023-09-11,314.43
240,User_240,68,Canada,2024-07-22,579.61
241,User_241,52,India,2020-02-23,641.96
242,User_242,62,Japan,2023-05-23,49.34
243,User_243,20,USA,2024-06-06,890.26
244,User_244,34,France,2020-03-07,938.58
245,User_245,55,USA,2022-02-12,827.71
246,User_246,32,Germany,2023-10-20,726.87
247,User_247,19,Canada,2023-05-11,905.41
248,User_248,53,USA,2022-08-15,287.87
249,User_249,52,Japan,2022-03-21,619.71
250,User_250,59,India,2021-10-10,675.85
251,User_251,44,Canada,2024-05-04,327.75
252,User_252,53,USA,2022-05-04,565.72
253,User_253,32,France,2021-05-05,255.13
254,User_254,35,Israel,2024-04-12,206.01
255,User_255,52,Germany,2022-09-05,36.24
256,User_256,58,France,2024-02-19,38.73
257,User_257,37,Germany,2020-04-19,977.11
258,User_258,21,USA,2024-03-12,133.49
259,User_259,26,USA,2024-02-02,661.13
260,User_260,63,Canada,2022-04-07,173.92
261,User_261,28,UK,2023-06-12,907.23
262,User_262,27,Canada,2020-08-21,218.78
263,User_263,49,Israel,2023-06-22,49.8
264,User_264,44,Japan,2022-02-07,614.76
265,User_265,61,UK,2022-09-27,916.56
266,User_266,58,Israel,2022-10-19,682.46
267,User_267,52,India,2024-07-01,720.47
268,User_268,41,Germany,2024-11-03,138.01
269,User_269,57,Germany,2020-01-12,196.19
270,User_270,56,UK,2021-10-26,562.1
271,User_271,63,Canada,2023-05-25,862.47
272,User_272,70,USA,2021-12-06,430.11
273,User_273,29,India,2023-10-28,753.46
274,User_274,59,France,2023-10-04,817.31
275,User_275,48,Japan,2023-08-06,314.8
276,User_276,70,India,2022-12-25,580.62
277,User_277,28,Germany,2021-12-20,623.15
278,User_278,50,USA,2023-02-27,109.66
279,User_279,57,Canada,2022-09-28,209.66
280,User_280,38,Germany,2020-12-13,889.6
281,User_281,47,Germany,2024-10-28,98.55
282,User_282,25,Canada,2021-06-15,336.39
283,User_283,18,France,2020-01-03,226.13
284,User_284,67,Israel,2024-07-22,131.87
285,User_285,35,Japan,2022-05-19,664.2
286,User_286,24,India,2022-06-19,143.87
287,User_287,22,Germany,2022-07-08,711.52
288,User_288,55,USA,2022-05-11,178.74
289,User_289,32,Japan,2024-06-23,538.63
290,User_290,29,Germany,2021-05-14,707.05
291,User_291,66,UK,2024-01-19,16.28
292,User_292,53,Japan,2021-03-18,585.08
293,User_293,25,Germany,2021-06-07,796.31
294,User_294,29,Japan,2021-05-08,184.0
295,User_295,56,UK,2022-05-04,293.08
296,User_296,45,France,2020-02-14,129.03
297,User_297,52,UK,2020-10-24,184.34
298,User_298,35,USA,2020-03-22,681.4
299,User_299,18,UK,2020-01-19,224.58
300,User_300,34,UK,2021-05-29,249.02
301,User_301,53,Israel,2022-02-01,34.93
302,User_302,68,Canada,2020-08-20,123.55
303,User_303,19,India,2020-02-28,549.57
304,User_304,67,India,2023-01-03,11.1
305,User_305,55,Germany,2021-05-12,250.64
306,User_306,44,Japan,2021-08-01,961.19
307,User_307,61,France,2021-03-16,852.45
308,User_308,64,UK,2022-07-18,772.34
309,User_309,20,Canada,2022-04-23,156.53
310,User_310,68,Germany,2021-04-10,791.78
311,User_311,64,Japan,2023-07-15,600.55
312,User_312,19,Canada,2020-03-19,511.81
313,User_313,37,Japan,2023-11-06,849.99
314,User_314,63,Canada,2023-01-04,37.09
315,User_315,69,UK,2021-02-22,360.11
316,User_316,18,India,2023-07-29,739.99
317,User_317,27,USA,2022-03-05,418.81
318,User_318,24,Canada,2021-09-17,965.01
319,User_319,24,Germany,2020-10-12,860.0
320,User_320,63,France,2021-03-04,274.42
321,User_321,38,Israel,2020-07-10,109.05
322,User_322,46,India,2020-07-14,309.74
323,User_323,56,Germany,2023-07-12,516.98
324,User_324,66,India,2023-03-28,975.98
325,User_325,24,Israel,2020-09-13,370.48
326,User_326,69,Israel,2022-06-24,827.42
327,User_327,28,Germany,2022-01-31,192.92
328,User_328,29,UK,2024-06-29,155.77
329,User_329,54,Canada,2020-02-22,26.83
330,User_330,59,UK,2024-06-29,926.64
331,User_331,19,France,2024-04-19,19.25
332,User_332,66,France,2022-01-22,296.45
333,User_333,60,Japan,2020-02-21,819.93
334,User_334,58,USA,2024-03-25,320.34
335,User_335,19,India,2024-09-27,708.92
336,User_336,24,Germany,2021-05-05,128.16
337,User_337,55,India,2023-05-15,144.49
338,User_338,55,UK,2021-10-28,543.0
339,User_339,22,Germany,2020-12-07,433.77
340,User_340,53,France,2020-01-31,304.03
341,User_341,22,UK,2020-06-22,955.18
342,User_342,19,Japan,2021-02-09,791.11
343,User_343,62,Germany,2020-12-30,994.41
344,User_344,39,Israel,2021-07-28,297.86
345,User_345,61,France,2021-05-21,903.44
346,User_346,34,India,2021-11-07,555.92
347,User_347,52,USA,2023-10-22,495.75
348,User_348,26,France,2021-08-12,714.59
349,User_349,34,USA,2020-07-27,385.86
350,User_350,33,Japan,2023-10-01,520.03
351,User_351,64,Canada,2022-12-29,757.18
352,User_352,55,Israel,2023-03-28,753.01
353,User_353,38,Germany,2023-05-18,590.83
354,User_354,48,UK,2021-10-26,54.59
355,User_355,64,Japan,2024-11-10,400.24
356,User_356,55,USA,2024-01-10,281.04
357,User_357,48,Canada,2023-08-18,968.85
358,User_358,57,UK,2020-02-04,359.71
359,User_359,46,Japan,2021-11-15,282.03
360,User_360,41,Canada,2023-10-24,72.75
361,User_361,43,India,2023-10-10,296.98
362,User_362,20,Israel,2023-01-19,202.44
363,User_363,38,Germany,2022-11-04,558.57
364,User_364,41,India,2024-08-13,661.96
365,User_365,46,France,2023-02-18,857.2
366,User_366,40,Japan,2023-12-30,122.43
367,User_367,66,Germany,2024-11-10,941.34
368,User_368,56,UK,2024-06-03,163.72
369,User_369,23,Israel,2020-09-05,650.48
370,User_370,55,Japan,2020-09-18,580.18
371,User_371,55,Germany,2020-07-21,181.82
372,User_372,43,India,2023-01-29,321.55
373,User_373,31,Germany,2023-08-22,641.92
374,User_374,26,Germany,2020-01-09,32.75
375,User_375,34,France,2021-12-24,313.16
376,User_376,65,Canada,2022-05-14,743.71
377,User_377,69,USA,2022-09-28,439.61
378,User_378,47,UK,2023-02-15,344.8
379,User_379,18,Germany,2020-10-25,782.24
380,User_380,66,UK,2020-05-18,206.14
381,User_381,69,Germany,2021-07-25,11.92
382,User_382,20,Japan,2020-12-11,654.63
383,User_383,68,USA,2020-07-25,349.38
384,User_384,65,UK,2022-08-02,700.18
385,User_385,26,USA,2020-12-02,288.74
386,User_386,59,France,2024-07-11,604.36
387,User_387,46,France,2023-07-01,512.91
388,User_388,31,USA,2024-10-20,125.19
389,User_389,31,France,2020-06-21,131.48
390,User_390,23,USA,2020-12-26,350.21
391,User_391,19,UK,2024-12-04,272.55
392,User_392,46,France,2020-04-10,267.69
393,User_393,55,Japan,2020-08-25,812.54
394,User_394,41,Germany,2023-03-29,544.38
395,User_395,46,Japan,2020-12-25,144.06
396,User_396,38,Canada,2024-07-31,185.96
397,User_397,58,Japan,2021-01-27,204.67
398,User_398,26,USA,2022-08-12,753.22
399,User_399,28,UK,2021-05-01,94.93
400,User_400,26,Israel,2021-07-06,812.04
401,User_401,21,India,2022-12-04,461.86
402,User_402,42,Canada,2020-03-31,785.8
403,User_403,57,Israel,2023-04-25,954.82
404,User_404,35,USA,2021-08-24,377.93
405,User_405,20,Germany,2023-11-24,49.38
406,User_406,38,UK,2020-12-26,525.21
407,User_407,32,India,2023-08-31,667.82
408,User_408,41,Germany,2023-10-09,352.06
409,User_409,44,Canada,2021-05-28,967.9
410,User_410,24,France,2020-02-26,595.49
411,User_411,60,Israel,2024-09-25,300.53
412,User_412,38,Canada,2022-10-06,494.17
413,User_413,56,Japan,2020-05-18,181.94
414,User_414,19,France,2024-09-17,719.88
415,User_415,66,Japan,2020-05-20,832.45
416,User_416,65,Japan,2024-03-06,919.26
417,User_417,68,Japan,2022-07-15,215.03
418,User_418,38,UK,2022-05-05,80.12
419,User_419,57,Germany,2022-04-15,232.01
420,User_420,50,Canada,2024-05-13,941.57
421,User_421,66,Japan,2022-07-31,849.03
422,User_422,39,Israel,2020-01-17,731.53
423,User_423,39,India,2022-04-18,806.83
424,User_424,55,France,2022-07-20,985.05
425,User_425,48,UK,2020-05-29,328.49
426,User_426,53,Canada,2021-03-08,894.31
427,User_427,47,Germany,2021-10-13,250.69
428,User_428,29,France,2022-03-13,813.79
429,User_429,18,USA,2023-01-03,355.5
430,User_430,42,France,2021-02-04,359.0
431,User_431,39,UK,2023-02-24,881.5
432,User_432,19,France,2024-05-19,670.14
433,User_433,68,Japan,2022-10-23,856.12
434,User_434,40,Germany,2023-07-29,936.61
435,User_435,22,USA,2021-06-22,461.52
436,User_436,59,India,2020-06-12,171.4
437,User_437,22,Canada,2021-05-31,585.34
438,User_438,53,UK,2020-08-31,688.61
439,User_439,33,Japan,2022-03-01,272.0
440,User_440,24,France,2020-04-14,93.5
441,User_441,63,USA,2024-09-30,530.67
442,User_442,37,USA,2023-06-13,468.3
443,User_443,45,India,2020-06-09,781.0
444,User_444,22,Germany,2020-11-13,566.98
445,User_445,56,India,2023-06-16,155.21
446,User_446,20,Israel,2021-04-24,915.98
447,User_447,45,USA,2020-04-08,352.73
448,User_448,44,Canada,2020-04-28,80.9
449,User_449,40,France,2022-11-08,710.36
450,User_450,39,Japan,2020-09-03,193.58
451,User_451,53,USA,2020-09-30,380.52
452,User_452,34,UK,2022-05-26,826.37
453,User_453,20,UK,2022-08-06,386.34
454,User_454,50,USA,2023-02-27,105.86
455,User_455,23,UK,2022-04-09,580.53
456,User_456,42,Japan,2023-11-22,943.6
457,User_457,48,Germany,2023-07-25,635.73
458,User_458,51,Canada,2023-01-20,769.67
459,User_459,45,UK,2024-06-24,555.99
460,User_460,28,Japan,2021-01-11,196.58
461,User_461,33,Germany,2022-04-14,239.29
462,User_462,25,USA,2021-02-05,793.72
463,User_463,64,Japan,2022-12-03,124.58
464,User_464,46,Japan,2022-06-03,596.92
465,User_465,45,Germany,2023-06-26,906.5
466,User_466,24,Canada,2024-07-06,577.28
467,User_467,54,UK,2020-08-03,407.77
468,User_468,55,Canada,2020-05-04,89.4
469,User_469,48,Germany,2021-04-26,195.39
470,User_470,39,Japan,2024-02-15,486.35
471,User_471,66,India,2022-04-05,280.89
472,User_472,65,India,2021-10-22,209.78
473,User_473,19,USA,2023-09-20,129.35
474,User_474,27,France,2021-10-16,19.41
475,User_475,67,Japan,2021-12-10,744.95
476,User_476,55,USA,2023-06-07,520.77
477,User_477,43,France,2020-03-07,500.16
478,User_478,21,Germany,2021-11-01,784.72
479,User_479,49,France,2022-10-19,715.07
480,User_480,40,Japan,2023-10-27,633.48
481,User_481,39,Germany,2024-09-19,812.86
482,User_482,65,India,2021-04-12,924.65
483,User_483,50,Canada,2022-08-15,408.96
484,User_484,46,Japan,2023-09-09,576.14
485,User_485,30,India,2023-04-02,59.39
486,User_486,64,France,2022-07-27,986.68
487,User_487,28,France,2020-08-24,251.39
488,User_488,29,Canada,2021-12-23,318.51
489,User_489,70,France,2021-10-05,991.3
490,User_490,56,France,2020-02-18,269.68
491,User_491,30,Japan,2024-08-08,75.95
492,User_492,45,Israel,2020-02-05,182.8
493,User_493,29,Germany,2023-10-21,522.71
494,User_494,35,USA,2024-11-20,68.2
495,User_495,57,UK,2020-04-20,608.09
496,User_496,35,UK,2020-07-02,725.59
497,User_497,53,Japan,2024-11-28,321.17
498,User_498,49,Canada,2023-04-11,388.03
499,User_499,69,Israel,2021-06-14,857.67
500,User_500,49,Germany,2024-02-18,616.08
501,User_501,28,UK,2020-12-02,425.71
502,User_502,44,France,2021-12-06,57.48
503,User_503,45,Germany,2023-12-02,99.35
504,User_504,36,USA,2020-05-28,126.12
505,User_505,48,Israel,2020-03-28,389.52
506,User_506,42,Israel,2024-06-25,532.61
507,User_507,23,France,2024-05-17,140.22
508,User_508,40,Israel,2020-02-18,751.24
509,User_509,37,UK,2020-07-06,836.22
510,User_510,45,Germany,2021-05-27,944.57
511,User_511,66,Canada,2022-05-19,34.9
512,User_512,59,Japan,2023-11-09,531.56
513,User_513,20,Germany,2022-02-20,223.84
514,User_514,52,France,2024-07-15,370.58
515,User_515,49,Israel,2023-01-02,896.42
516,User_516,35,Israel,2023-12-24,450.32
517,User_517,32,Israel,2021-10-26,370.25
518,User_518,62,Canada,2022-06-08,740.36
519,User_519,51,UK,2022-05-12,796.21
520,User_520,52,France,2021-12-31,582.67
521,User_521,18,Canada,2024-03-10,35.97
522,User_522,69,Germany,2023-05-23,587.35
523,User_523,51,Germany,2023-10-24,778.46
524,User_524,43,USA,2022-01-09,932.83
525,User_525,23,Israel,2021-06-23,97.58
526,User_526,29,Israel,2024-01-02,954.52
527,User_527,47,France,2024-09-01,806.05
528,User_528,63,UK,2024-02-22,660.22
529,User_529,41,Germany,2021-06-01,106.98
530,User_530,29,India,2024-07-13,81.72
531,User_531,46,India,2024-11-03,541.64
532,User_532,44,India,2022-09-29,125.04
533,User_533,28,UK,2024-10-30,485.1
534,User_534,50,Israel,2023-12-09,507.7
535,User_535,68,France,2021-03-25,382.75
536,User_536,67,France,2023-04-26,335.5
537,User_537,69,Japan,2023-07-29,123.56
538,User_538,30,Israel,2021-09-17,424.15
539,User_539,31,India,2020-10-10,346.99
540,User_540,41,India,2024-07-16,269.51
541,User_541,29,India,2021-01-16,464.27
542,User_542,33,Canada,2023-05-11,216.22
543,User_543,39,UK,2023-09-11,292.35
544,User_544,50,France,2022-05-09,808.37
545,User_545,66,Germany,2024-01-13,249.46
546,User_546,21,USA,2021-05-29,590.67
547,User_547,67,Japan,2024-08-03,302.21
548,User_548,39,USA,2024-05-29,951.41
549,User_549,30,USA,2024-11-27,902.64
550,User_550,31,France,2024-03-15,947.93
551,User_551,70,UK,2021-04-18,29.33
552,User_552,34,France,2020-12-23,463.3
553,User_553,57,India,2022-09-16,572.46
554,User_554,19,Germany,2021-07-30,332.4
555,User_555,32,Canada,2021-02-27,195.62
556,User_556,51,USA,2024-11-16,614.81
557,User_557,43,UK,2023-05-22,330.82
558,User_558,29,France,2023-12-15,967.27
559,User_559,43,USA,2023-06-03,800.14
560,User_560,58,India,2021-03-02,657.51
561,User_561,62,Canada,2020-01-23,147.18
562,User_562,70,USA,2021-02-03,763.24
563,User_563,59,UK,2020-05-17,270.43
564,User_564,52,India,2024-09-15,173.64
565,User_565,57,Japan,2020-10-16,780.75
566,User_566,47,Israel,2020-11-05,612.95
567,User_567,43,India,2024-11-06,107.63
568,User_568,48,Japan,2023-10-19,840.01
569,User_569,52,India,2023-08-27,531.09
570,User_570,64,Japan,2021-02-07,771.93
571,User_571,61,Japan,2021-10-10,789.34
572,User_572,48,Canada,2023-04-17,736.86
573,User_573,35,USA,2022-09-04,478.58
574,User_574,43,USA,2024-05-23,244.21
575,User_575,24,UK,2020-09-27,420.79
576,User_576,56,India,2021-03-03,353.21
577,User_577,20,Japan,2021-08-22,743.49
578,User_578,66,UK,2020-04-17,833.19
579,User_579,30,India,2021-03-01,936.54
580,User_580,33,USA,2024-07-30,386.84
581,User_581,51,UK,2020-06-11,86.26
582,User_582,68,France,2020-08-31,678.6
583,User_583,34,Germany,2022-11-09,187.6
584,User_584,31,Israel,2023-02-23,867.74
585,User_585,70,Japan,2022-01-19,568.26
586,User_586,21,India,2021-07-21,22.84
587,User_587,22,Germany,2020-12-13,981.76
588,User_588,40,Japan,2020-01-03,365.11
589,User_589,38,Israel,2021-10-14,410.26
590,User_590,22,UK,2024-10-22,403.82
591,User_591,42,USA,2020-11-08,628.95
592,User_592,23,Canada,2023-06-03,355.57
593,User_593,30,USA,2023-05-19,24.09
594,User_594,43,Japan,2022-12-02,915.37
595,User_595,45,Germany,2020-10-04,930.43
596,User_596,69,Japan,2024-04-25,210.46
597,User_597,43,Israel,2021-10-21,128.89
598,User_598,29,Canada,2021-10-18,559.58
599,User_599,36,UK,2024-02-24,773.24
600,User_600,22,USA,2021-04-07,926.33
601,User_601,28,Canada,2020-08-11,74.08
602,User_602,65,India,2020-01-02,924.73
603,User_603,35,USA,2022-08-20,151.95
604,User_604,27,Israel,2024-06-18,381.99
605,User_605,67,Japan,2020-05-12,293.2
606,User_606,50,USA,2021-05-13,411.11
607,User_607,59,Germany,2023-02-03,224.12
608,User_608,52,Germany,2024-08-26,577.82
609,User_609,51,Israel,2024-05-22,139.76
610,User_610,55,Japan,2024-01-16,85.25
611,User_611,56,India,2020-12-29,699.08
612,User_612,58,France,2023-04-29,343.24
613,User_613,44,France,2021-08-26,878.9
614,User_614,26,Israel,2022-12-25,260.97
615,User_615,35,USA,2021-08-14,989.28
616,User_616,32,India,2022-01-31,592.2
617,User_617,34,USA,2022-08-30,77.89
618,User_618,58,India,2020-10-01,44.64
619,User_619,63,Germany,2024-07-02,515.96
620,User_620,18,France,2020-09-01,340.04
621,User_621,35,France,2024-03-06,874.93
622,User_622,47,USA,2022-11-26,839.3
623,User_623,70,Germany,2022-04-20,652.19
624,User_624,53,Germany,2020-02-19,692.32
625,User_625,24,Japan,2024-04-18,647.77
626,User_626,64,Japan,2023-03-20,154.38
627,User_627,68,Germany,2020-08-25,495.44
628,User_628,31,Germany,2024-06-16,174.61
629,User_629,44,Canada,2022-11-06,206.35
630,User_630,24,Germany,2020-02-10,88.69
631,User_631,63,Canada,2023-03-28,879.72
632,User_632,22,Canada,2024-04-04,851.06
633,User_633,27,USA,2022-10-14,313.2
634,User_634,54,Israel,2024-02-03,614.82
635,User_635,46,UK,2024-06-19,500.35
636,User_636,65,Canada,2021-05-01,77.4
637,User_637,43,Canada,2024-03-09,387.23
638,User_638,56,Canada,2022-12-12,633.52
639,User_639,44,Japan,2023-11-25,563.92
640,User_640,36,India,2020-11-19,43.77
641,User_641,33,India,2022-06-20,310.81
642,User_642,61,Israel,2024-04-07,852.23
643,User_643,45,France,2024-01-01,770.35
644,User_644,67,Japan,2022-07-04,561.23
645,User_645,47,Japan,2022-01-08,992.59
646,User_646,48,India,2024-01-31,973.18
647,User_647,42,India,2023-04-13,683.07
648,User_648,49,USA,2022-10-29,794.68
649,User_649,35,Canada,2021-05-18,26.14
650,User_650,61,France,2023-10-31,603.31
651,User_651,25,Israel,2024-08-04,414.69
652,User_652,69,Japan,2022-04-15,142.34
653,User_653,60,Japan,2022-01-19,418.11
654,User_654,28,Japan,2020-03-01,378.02
655,User_655,42,USA,2022-02-27,980.21
656,User_656,25,UK,2020-01-24,977.17
657,User_657,29,Japan,2020-05-28,955.2
658,User_658,52,Germany,2022-01-08,493.51
659,User_659,51,USA,2024-03-11,346.7
660,User_660,22,Japan,2024-02-20,982.32
661,User_661,31,USA,2020-10-06,335.46
662,User_662,36,UK,2020-10-03,330.99
663,User_663,27,Germany,2021-10-14,617.26
664,User_664,36,Japan,2023-04-16,241.84
665,User_665,56,Canada,2023-11-26,178.73
666,User_666,60,India,2023-01-08,477.0
667,User_667,63,Japan,2021-08-28,512.85
668,User_668,54,UK,2021-09-25,298.21
669,User_669,45,Israel,2021-06-19,815.19
670,User_670,57,Germany,2021-05-09,104.57
671,User_671,39,France,2024-06-17,653.06
672,User_672,55,India,2024-01-11,602.89
673,User_673,46,France,2021-05-23,971.58
674,User_674,39,France,2020-02-17,318.61
675,User_675,67,Israel,2023-07-01,145.89
676,User_676,51,India,2022-04-19,313.11
677,User_677,21,UK,2024-03-10,50.55
678,User_678,37,Japan,2023-01-19,741.19
679,User_679,47,Germany,2024-04-13,756.14
680,User_680,22,UK,2023-03-14,280.04
681,User_681,39,India,2023-01-11,871.44
682,User_682,29,USA,2024-06-21,609.08
683,User_683,53,India,2020-05-24,617.13
684,User_684,68,USA,2021-07-07,225.08
685,User_685,52,France,2024-09-10,448.27
686,User_686,60,Japan,2023-11-30,648.21
687,User_687,20,India,2021-12-24,634.69
688,User_688,54,Israel,2020-03-13,558.04
689,User_689,70,India,2024-08-04,533.92
690,User_690,28,Japan,2021-03-15,399.98
691,User_691,41,France,2021-05-09,315.42
692,User_692,20,France,2024-09-04,62.62
693,User_693,55,France,2021-06-07,974.06
694,User_694,58,USA,2020-05-15,263.12
695,User_695,61,UK,2023-11-24,473.89
696,User_696,67,USA,2021-09-25,552.21
697,User_697,29,Canada,2024-06-04,177.25
698,User_698,60,Canada,2021-10-18,709.02
699,User_699,18,Israel,2020-11-22,881.47
700,User_700,48,Japan,2020-07-10,292.41
701,User_701,39,Germany,2022-10-06,323.13
702,User_702,66,Israel,2023-07-16,648.36
703,User_703,19,Israel,2021-05-19,374.91
704,User_704,23,UK,2024-05-07,80.38
705,User_705,39,India,2021-08-19,616.23
706,User_706,68,UK,2021-11-20,799.69
707,User_707,56,Canada,2023-02-14,275.25
708,User_708,41,Japan,2022-10-21,84.68
709,User_709,44,UK,2023-07-31,347.21
710,User_710,55,Germany,2022-11-27,183.65
711,User_711,50,Canada,2024-01-15,654.6
712,User_712,27,UK,2024-07-20,394.26
713,User_713,30,Germany,2024-02-22,779.56
714,User_714,60,Germany,2020-02-21,459.14
715,User_715,52,Canada,2022-03-29,853.49
716,User_716,39,Canada,2021-09-28,518.2
717,User_717,22,Germany,2022-01-27,969.74
718,User_718,67,France,2020-03-03,485.13
719,User_719,33,Israel,2021-09-22,560.67
720,User_720,42,USA,2024-09-10,642.16
721,User_721,33,USA,2024-02-16,730.96
722,User_722,62,Israel,2022-07-14,47.17
723,User_723,38,Israel,2023-01-24,131.98
724,User_724,25,Israel,2020-07-11,676.37
725,User_725,61,India,2022-10-29,523.83
726,User_726,31,UK,2024-10-07,489.5
727,User_727,57,Canada,2024-07-31,737.9
728,User_728,54,USA,2021-09-06,599.94
729,User_729,32,Israel,2023-07-21,972.11
730,User_730,20,Japan,2021-06-11,305.15
731,User_731,69,France,2024-03-24,591.36
732,User_732,40,Germany,2020-01-13,583.83
733,User_733,57,Canada,2021-09-25,585.72
734,User_734,43,Israel,2020-09-15,139.9
735,User_735,45,Israel,2022-08-26,687.75
736,User_736,38,Japan,2024-01-16,334.99
737,User_737,45,UK,2021-06-11,824.17
738,User_738,46,Germany,2022-05-07,39.06
739,User_739,39,Germany,2024-02-16,676.21
740,User_740,32,India,2022-07-21,228.26
741,User_741,41,UK,2024-09-15,520.87
742,User_742,32,USA,2022-10-11,148.19
743,User_743,35,UK,2022-05-12,552.72
744,User_744,46,Germany,2022-08-29,735.22
745,User_745,64,UK,2020-10-21,640.38
746,User_746,64,France,2020-02-20,70.91
747,User_747,53,Israel,2024-03-08,315.7
748,User_748,42,Germany,2023-03-25,344.7
749,User_749,65,USA,2021-09-10,172.44
750,User_750,48,France,2021-06-15,663.12
751,User_751,58,USA,2020-04-24,371.55
752,User_752,33,UK,2024-03-18,805.65
753,User_753,44,USA,2021-06-07,754.86
754,User_754,63,Canada,2020-02-16,760.62
755,User_755,44,UK,2022-06-02,345.96
756,User_756,38,UK,2021-10-10,229.54
757,User_757,61,Japan,2023-07-04,104.22
758,User_758,44,India,2024-06-17,810.51
759,User_759,45,Israel,2023-09-17,539.82
760,User_760,33,France,2024-06-01,756.22
761,User_761,67,Israel,2022-10-26,592.68
762,User_762,54,Canada,2020-08-25,675.67
763,User_763,36,India,2023-06-06,906.36
764,User_764,53,UK,2023-02-03,740.32
765,User_765,53,Germany,2020-09-11,833.22
766,User_766,32,UK,2023-04-08,527.31
767,User_767,35,France,2023-11-14,700.34
768,User_768,57,UK,2022-07-28,892.97
769,User_769,36,USA,2023-04-18,628.67
770,User_770,29,France,2024-03-09,864.59
771,User_771,61,France,2024-04-07,478.91
772,User_772,62,Canada,2020-07-06,162.06
773,User_773,40,Israel,2023-01-04,224.95
774,User_774,42,India,2021-07-07,258.58
775,User_775,46,France,2024-06-10,150.31
776,User_776,33,Japan,2021-05-01,324.7
777,User_777,55,USA,2022-09-22,288.89
778,User_778,65,India,2024-03-02,829.2
779,User_779,18,Canada,2020-02-14,121.06
780,User_780,30,India,2022-10-05,376.84
781,User_781,65,Germany,2024-11-06,47.68
782,User_782,40,India,2020-01-13,254.08
783,User_783,65,Canada,2022-03-26,824.99
784,User_784,24,India,2022-09-23,307.34
785,User_785,24,India,2022-11-24,988.37
786,User_786,41,UK,2020-10-06,33.64
787,User_787,22,USA,2021-11-21,398.7
788,User_788,53,France,2024-06-21,880.23
789,User_789,53,UK,2023-01-12,647.79
790,User_790,51,India,2023-06-23,741.66
791,User_791,38,Canada,2023-12-17,588.44
792,User_792,40,Germany,2021-10-20,509.9
793,User_793,56,Japan,2022-02-28,883.09
794,User_794,37,France,2023-11-08,888.92
795,User_795,57,Israel,2022-06-25,911.39
796,User_796,19,USA,2022-04-01,105.94
797,User_797,30,Japan,2024-07-21,660.56
798,User_798,46,France,2024-03-27,581.32
799,User_799,65,Israel,2022-03-22,574.21
800,User_800,24,UK,2020-09-25,439.28
801,User_801,65,India,2023-04-10,449.52
802,User_802,32,Israel,2024-07-16,57.86
803,User_803,37,Germany,2023-11-25,854.57
804,User_804,69,Canada,2021-12-03,320.31
805,User_805,59,Israel,2022-03-22,603.71
806,User_806,39,USA,2023-08-05,988.82
807,User_807,28,India,2021-10-13,376.33
808,User_808,64,Canada,2024-01-03,732.44
809,User_809,62,Israel,2020-05-04,690.26
810,User_810,23,Israel,2024-07-22,826.94
811,User_811,49,Canada,2020-11-25,927.39
812,User_812,58,India,2021-06-06,403.76
813,User_813,31,India,2020-12-13,215.56
814,User_814,30,USA,2023-01-20,880.49
815,User_815,48,Germany,2023-11-25,718.88
816,User_816,55,France,2024-08-30,36.84
817,User_817,36,USA,2021-05-05,523.96
818,User_818,60,Japan,2020-08-27,707.31
819,User_819,62,UK,2022-02-05,790.28
820,User_820,20,Germany,2022-04-06,216.51
821,User_821,35,Japan,2020-06-13,160.08
822,User_822,62,Germany,2021-07-29,264.98
823,User_823,26,USA,2020-09-23,446.94
824,User_824,37,Japan,2022-12-24,971.62
825,User_825,59,Canada,2024-03-30,242.04
826,User_826,67,Canada,2020-09-02,162.23
827,User_827,52,India,2021-10-12,195.13
828,User_828,64,Canada,2020-08-04,696.1
829,User_829,70,USA,2022-01-17,469.93
830,User_830,52,Germany,2021-03-21,537.0
831,User_831,26,France,2021-07-03,820.47
832,User_832,56,Canada,2023-02-21,182.75
833,User_833,18,India,2023-12-15,825.56
834,User_834,30,India,2022-02-21,407.95
835,User_835,59,Japan,2021-08-29,135.75
836,User_836,51,Germany,2022-10-27,721.41
837,User_837,54,Japan,2021-04-19,887.9
838,User_838,43,India,2024-09-01,118.71
839,User_839,63,Japan,2021-01-09,234.58
840,User_840,55,France,2020-06-15,327.46
841,User_841,61,Japan,2024-01-24,872.64
842,User_842,65,Canada,2021-06-12,635.68
843,User_843,29,France,2021-05-26,143.75
844,User_844,53,USA,2020-01-11,606.82
845,User_845,61,Germany,2022-10-14,909.07
846,User_846,38,USA,2023-01-31,358.84
847,User_847,23,Germany,2020-03-27,808.9
848,User_848,57,Japan,2023-09-10,618.84
849,User_849,40,UK,2022-03-11,23.57
850,User_850,40,UK,2023-03-27,521.85
851,User_851,28,Germany,2020-01-04,942.74
852,User_852,70,UK,2023-05-06,742.68
853,User_853,29,Japan,2024-02-25,848.55
854,User_854,55,India,2020-01-04,95.35
855,User_855,30,France,2023-09-25,189.93
856,User_856,38,Canada,2024-07-09,340.97
857,User_857,40,France,2023-01-22,181.96
858,User_858,48,France,2021-09-05,540.55
859,User_859,32,UK,2021-01-08,581.0
860,User_860,50,UK,2022-11-22,924.22
861,User_861,47,France,2024-11-30,636.55
862,User_862,48,Germany,2023-06-14,624.11
863,User_863,24,Germany,2024-11-17,805.78
864,User_864,58,Israel,2021-08-02,343.11
865,User_865,42,India,2021-04-18,866.52
866,User_866,54,UK,2022-09-16,113.72
867,User_867,21,India,2023-07-02,745.66
868,User_868,28,Japan,2024-06-13,780.95
869,User_869,31,Germany,2020-05-09,179.02
870,User_870,62,Japan,2024-11-05,200.45
871,User_871,47,France,2024-12-02,439.98
872,User_872,25,Germany,2023-04-11,603.04
873,User_873,53,India,2021-03-08,20.07
874,User_874,18,France,2023-06-25,418.89
875,User_875,37,UK,2022-01-12,858.58
876,User_876,55,Canada,2023-09-04,797.23
877,User_877,56,USA,2022-01-17,455.59
878,User_878,33,Japan,2023-06-27,519.2
879,User_879,28,Canada,2021-11-10,965.62
880,User_880,59,Canada,2024-02-17,798.43
881,User_881,27,Germany,2024-11-03,350.13
882,User_882,25,India,2021-05-15,584.65
883,User_883,67,India,2020-08-22,612.51
884,User_884,57,USA,2022-12-25,321.26
885,User_885,29,France,2021-11-24,611.1
886,User_886,64,UK,2024-09-15,774.57
887,User_887,21,Israel,2021-11-11,714.11
888,User_888,66,India,2020-04-22,159.95
889,User_889,32,USA,2024-10-06,267.61
890,User_890,70,UK,2020-11-13,853.63
891,User_891,53,USA,2023-08-04,865.55
892,User_892,37,Canada,2022-05-22,448.29
893,User_893,54,Japan,2021-02-06,288.72
894,User_894,40,France,2021-03-18,958.83
895,User_895,24,India,2021-03-04,813.32
896,User_896,70,Japan,2023-03-24,901.35
897,User_897,31,Israel,2020-08-26,434.77
898,User_898,23,India,2023-01-24,342.38
899,User_899,48,UK,2024-08-18,419.64
900,User_900,56,Japan,2022-12-15,894.07
901,User_901,37,France,2024-05-22,706.4
902,User_902,65,Canada,2020-10-22,503.27
903,User_903,38,Israel,2021-09-10,423.35
904,User_904,55,UK,2023-12-23,120.98
905,User_905,23,Japan,2024-06-10,76.41
906,User_906,32,Japan,2020-10-30,936.02
907,User_907,39,USA,2024-04-02,853.08
908,User_908,34,UK,2020-09-16,518.78
909,User_909,52,Japan,2022-12-26,728.9
910,User_910,19,Japan,2023-09-11,673.85
911,User_911,34,India,2023-03-03,889.81
912,User_912,27,UK,2023-04-19,291.37
913,User_913,24,India,2020-03-11,883.59
914,User_914,41,Japan,2022-01-12,641.37
915,User_915,56,Japan,2022-08-30,544.37
916,User_916,59,Canada,2022-03-06,501.65
917,User_917,36,Israel,2023-01-26,58.49
918,User_918,57,UK,2023-12-24,113.52
919,User_919,58,Canada,2023-11-08,974.34
920,User_920,21,USA,2022-08-04,410.95
921,User_921,68,Canada,2021-08-09,728.91
922,User_922,54,France,2021-08-08,330.22
923,User_923,24,Germany,2022-10-12,446.79
924,User_924,27,Japan,2024-10-17,117.15
925,User_925,58,Canada,2022-02-26,457.35
926,User_926,33,Canada,2023-02-18,164.61
927,User_927,28,France,2024-01-06,30.82
928,User_928,25,UK,2023-06-15,757.77
929,User_929,59,Germany,2020-04-25,92.5
930,User_930,45,India,2021-03-28,141.9
931,User_931,28,Japan,2023-01-05,545.31
932,User_932,18,France,2020-08-21,472.56
933,User_933,52,India,2023-10-19,750.78
934,User_934,46,France,2023-01-09,688.04
935,User_935,37,India,2021-09-02,668.42
936,User_936,22,UK,2021-04-03,442.18
937,User_937,61,Japan,2024-08-07,148.1
938,User_938,67,Israel,2023-09-25,227.73
939,User_939,65,Germany,2024-10-23,135.03
940,User_940,19,France,2022-10-20,131.7
941,User_941,42,USA,2020-06-21,382.86
942,User_942,51,Canada,2023-02-07,43.04
943,User_943,23,Germany,2024-06-26,55.75
944,User_944,42,Israel,2021-09-07,817.17
945,User_945,23,Israel,2024-12-01,31.08
946,User_946,58,Japan,2022-09-12,990.76
947,User_947,54,India,2022-10-25,467.21
948,User_948,43,UK,2020-12-25,723.35
949,User_949,49,Germany,2023-08-14,447.4
950,User_950,18,USA,2022-11-18,432.8
951,User_951,36,USA,2024-09-14,623.16
952,User_952,59,Canada,2021-04-11,19.52
953,User_953,41,France,2020-12-03,861.26
954,User_954,23,Japan,2022-08-14,519.16
955,User_955,68,Germany,2021-04-19,206.06
956,User_956,58,Germany,2021-05-09,821.65
957,User_957,66,USA,2024-03-10,303.07
958,User_958,29,India,2020-03-27,488.16
959,User_959,33,India,2020-12-26,978.54
960,User_960,26,Japan,2021-04-25,63.35
961,User_961,28,UK,2021-11-23,621.07
962,User_962,30,Israel,2020-01-13,640.45
963,User_963,58,USA,2020-04-22,49.98
964,User_964,44,Canada,2021-01-08,195.84
965,User_965,56,Canada,2020-07-11,241.18
966,User_966,45,UK,2022-06-18,896.83
967,User_967,23,Canada,2020-06-30,418.31
968,User_968,61,UK,2023-06-14,160.32
969,User_969,57,India,2021-03-25,882.71
970,User_970,50,Japan,2021-02-23,642.97
971,User_971,21,France,2022-02-21,895.22
972,User_972,46,Israel,2020-01-04,557.98
973,User_973,56,Canada,2024-05-05,651.48
974,User_974,50,Canada,2023-11-01,976.75
975,User_975,24,USA,2024-01-07,240.45
976,User_976,32,France,2021-04-20,842.13
977,User_977,66,UK,2024-10-29,101.91
978,User_978,30,Germany,2021-01-29,688.36
979,User_979,19,USA,2023-05-23,363.78
980,User_980,54,France,2023-07-14,412.35
981,User_981,32,Israel,2022-08-02,507.28
982,User_982,31,USA,2023-04-27,690.78
983,User_983,36,Israel,2020-11-01,647.76
984,User_984,21,India,2022-03-10,768.09
985,User_985,63,Israel,2021-06-02,481.33
986,User_986,24,France,2020-06-17,889.54
987,User_987,34,Japan,2024-10-26,323.68
988,User_988,60,Canada,2021-03-10,742.02
989,User_989,32,Canada,2021-05-07,791.45
990,User_990,60,UK,2021-04-03,920.07
991,User_991,36,Canada,2023-04-25,189.81
992,User_992,56,Germany,2023-09-03,441.08
993,User_993,22,India,2023-03-18,349.07
994,User_994,51,Canada,2022-08-27,739.11
995,User_995,67,France,2024-07-25,93.29
996,User_996,63,India,2021-12-07,26.78
997,User_997,62,USA,2023-12-24,555.43
998,User_998,47,Israel,2021-04-28,721.13
999,User_999,56,USA,2021-04-26,828.22
1000,User_1000,52,Japan,2022-11-07,398.4
1001,User_1001,28,USA,2023-11-18,897.43
1002,User_1002,50,Israel,2020-07-28,125.43
1003,User_1003,26,USA,2021-07-07,78.95
1004,User_1004,54,France,2021-12-11,919.57
1005,User_1005,60,USA,2023-08-08,664.75
1006,User_1006,54,UK,2023-09-18,498.66
1007,User_1007,24,UK,2024-07-15,54.18
1008,User_1008,43,Japan,2022-04-24,294.87
1009,User_1009,61,Japan,2024-01-25,743.48
1010,User_1010,21,USA,2024-06-07,786.79
1011,User_1011,31,India,2022-06-11,558.05
1012,User_1012,27,India,2023-08-21,753.8
1013,User_1013,55,Germany,2021-09-11,431.83
1014,User_1014,29,Israel,2021-01-30,685.04
1015,User_1015,29,India,2020-04-06,395.62
1016,User_1016,50,USA,2024-05-14,495.9
1017,User_1017,25,France,2023-02-18,807.53
1018,User_1018,47,Israel,2022-10-02,797.16
1019,User_1019,33,UK,2022-02-06,609.02
1020,User_1020,64,Germany,2020-03-24,148.58
1021,User_1021,35,Israel,2020-09-05,674.78
1022,User_1022,65,France,2020-02-14,373.64
1023,User_1023,64,Japan,2021-08-07,153.96
1024,User_1024,37,India,2023-05-07,32.16
1025,User_1025,57,UK,2020-11-07,400.76
1026,User_1026,34,Germany,2022-07-22,192.48
1027,User_1027,31,India,2021-04-03,264.68
1028,User_1028,37,France,2021-05-13,745.28
1029,User_1029,62,Japan,2021-12-28,667.99
1030,User_1030,60,Germany,2022-12-08,157.11
1031,User_1031,53,Japan,2024-10-17,794.09
1032,User_1032,46,Japan,2020-04-05,46.43
1033,User_1033,56,USA,2023-04-27,612.18
1034,User_1034,34,Japan,2022-06-10,803.28
1035,User_1035,46,Germany,2021-01-02,994.59
1036,User_1036,21,Israel,2024-09-15,171.67
1037,User_1037,27,USA,2022-08-06,20.81
1038,User_1038,40,Canada,2024-02-19,172.94
1039,User_1039,29,Germany,2020-12-14,770.99
1040,User_1040,53,UK,2023-10-19,528.98
1041,User_1041,50,Germany,2023-06-28,939.24
1042,User_1042,64,UK,2024-11-22,654.11
1043,User_1043,63,France,2024-02-29,654.46
1044,User_1044,58,India,2024-02-02,980.79
1045,User_1045,21,France,2022-11-18,110.92
1046,User_1046,37,UK,2024-06-20,97.1
1047,User_1047,68,Japan,2022-12-03,912.42
1048,User_1048,23,UK,2024-01-11,742.84
1049,User_1049,63,Japan,2024-06-03,850.99
1050,User_1050,25,USA,2020-06-26,691.68
1051,User_1051,56,Israel,2021-07-13,682.04
1052,User_1052,58,Canada,2020-06-08,672.75
1053,User_1053,55,Germany,2024-01-31,71.6
1054,User_1054,19,France,2023-09-10,631.63
1055,User_1055,53,France,2022-11-10,778.62
1056,User_1056,62,Germany,2022-01-05,295.72
1057,User_1057,41,UK,2020-10-08,386.54
1058,User_1058,60,USA,2020-11-21,753.32
1059,User_1059,59,UK,2021-09-30,160.15
1060,User_1060,42,UK,2020-03-24,317.86
1061,User_1061,30,Israel,2021-08-04,20.43
1062,User_1062,18,Germany,2021-02-09,349.05
1063,User_1063,31,Japan,2021-08-07,989.07
1064,User_1064,60,UK,2023-11-26,825.68
1065,User_1065,44,USA,2024-03-01,715.06
1066,User_1066,64,USA,2023-09-14,672.47
1067,User_1067,56,UK,2022-05-13,685.35
1068,User_1068,30,Germany,2021-11-17,337.75
1069,User_1069,21,France,2021-11-08,30.73
1070,User_1070,23,Germany,2022-08-20,707.71
1071,User_1071,56,Canada,2024-05-05,557.13
1072,User_1072,18,India,2020-03-31,946.17
1073,User_1073,35,India,2022-05-12,259.52
1074,User_1074,34,Canada,2020-12-06,76.94
1075,User_1075,51,UK,2022-07-15,633.59
1076,User_1076,68,USA,2024-11-17,303.98
1077,User_1077,35,USA,2020-01-29,790.52
1078,User_1078,70,India,2021-09-26,94.21
1079,User_1079,25,UK,2023-11-27,731.13
1080,User_1080,19,Canada,2022-10-04,818.31
1081,User_1081,66,Canada,2022-10-30,280.69
1082,User_1082,53,Canada,2020-04-17,228.21
1083,User_1083,36,Japan,2020-06-19,123.23
1084,User_1084,24,France,2024-03-15,923.47
1085,User_1085,33,France,2020-10-17,354.47
1086,User_1086,31,Canada,2022-05-16,871.32
1087,User_1087,34,Canada,2020-09-24,521.67
1088,User_1088,63,France,2024-09-13,587.08
1089,User_1089,27,Canada,2022-11-14,601.63
1090,User_1090,31,USA,2024-10-18,506.12
1091,User_1091,35,Israel,2020-09-10,840.53
1092,User_1092,38,Canada,2022-12-08,538.77
1093,User_1093,60,Israel,2024-01-24,609.16
1094,User_1094,28,Japan,2021-11-05,729.21
1095,User_1095,63,Germany,2024-01-26,177.2
1096,User_1096,57,India,2021-09-18,679.31
1097,User_1097,42,Germany,2023-07-25,231.13
1098,User_1098,56,USA,2023-04-10,121.77
1099,User_1099,41,Israel,2022-06-02,31.81
1100,User_1100,33,Japan,2024-04-18,864.76
1101,User_1101,42,Israel,2023-09-26,585.83
1102,User_1102,64,Canada,2022-11-14,242.49
1103,User_1103,32,UK,2023-08-19,362.36
1104,User_1104,65,UK,2021-09-01,468.0
1105,User_1105,39,France,2020-10-02,616.25
1106,User_1106,26,USA,2023-08-06,487.5
1107,User_1107,28,Germany,2024-03-25,288.58
1108,User_1108,45,Japan,2022-09-02,974.74
1109,User_1109,50,Israel,2022-06-21,525.02
1110,User_1110,23,France,2020-11-19,373.88
1111,User_1111,23,Germany,2021-12-23,291.43
1112,User_1112,62,India,2024-08-25,307.91
1113,User_1113,69,UK,2021-07-19,938.8
1114,User_1114,42,France,2024-07-15,95.23
1115,User_1115,52,Japan,2023-04-14,127.51
1116,User_1116,21,UK,2021-04-15,895.63
1117,User_1117,26,USA,2023-01-15,265.7
1118,User_1118,63,Germany,2021-12-20,95.17
1119,User_1119,55,India,2023-02-04,727.87
1120,User_1120,18,Japan,2020-01-21,528.2
1121,User_1121,48,France,2023-07-05,645.74
1122,User_1122,24,Japan,2020-10-07,773.25
1123,User_1123,43,Canada,2024-11-08,577.23
1124,User_1124,49,Canada,2024-04-21,422.1
1125,User_1125,56,UK,2021-05-01,410.67
1126,User_1126,54,UK,2022-04-30,910.75
1127,User_1127,28,UK,2024-05-16,98.42
1128,User_1128,34,India,2023-05-30,85.22
1129,User_1129,32,Israel,2024-02-03,219.46
1130,User_1130,40,Japan,2021-08-16,192.61
1131,User_1131,39,France,2020-01-03,503.67
1132,User_1132,22,USA,2024-08-01,306.4
1133,User_1133,36,UK,2023-10-26,347.51
1134,User_1134,20,France,2021-03-01,10.98
1135,User_1135,53,Germany,2021-06-19,863.94
1136,User_1136,24,France,2023-03-20,125.3
1137,User_1137,21,UK,2021-03-28,717.71
1138,User_1138,50,UK,2022-05-25,609.86
1139,User_1139,23,Canada,2023-01-31,695.26
1140,User_1140,70,Israel,2024-12-05,33.56
1141,User_1141,51,Germany,2022-03-13,687.96
1142,User_1142,25,Israel,2024-02-07,221.47
1143,User_1143,25,Germany,2024-10-12,926.05
1144,User_1144,18,UK,2020-12-02,687.55
1145,User_1145,57,UK,2022-10-03,238.4
1146,User_1146,56,USA,2022-04-16,736.18
1147,User_1147,41,Israel,2021-03-26,183.36
1148,User_1148,69,Germany,2022-05-19,284.29
1149,User_1149,46,India,2024-09-02,66.11
1150,User_1150,44,Japan,2024-06-12,137.04
1151,User_1151,26,Canada,2023-11-13,645.31
1152,User_1152,37,Canada,2022-08-27,259.88
1153,User_1153,31,Japan,2023-05-04,984.88
1154,User_1154,32,France,2024-11-11,54.98
1155,User_1155,42,India,2020-08-08,283.68
1156,User_1156,36,Germany,2022-09-28,766.48
1157,User_1157,60,France,2024-11-19,173.97
1158,User_1158,21,USA,2022-05-21,391.71
1159,User_1159,21,USA,2021-01-26,717.51
1160,User_1160,38,France,2022-06-02,755.62
1161,User_1161,35,Israel,2024-07-27,465.22
1162,User_1162,21,Israel,2021-11-13,414.37
1163,User_1163,64,UK,2020-01-18,658.52
1164,User_1164,25,France,2020-02-23,650.25
1165,User_1165,30,France,2022-12-25,941.56
1166,User_1166,19,India,2021-12-24,571.3
1167,User_1167,53,USA,2021-07-02,217.83
1168,User_1168,63,Japan,2022-04-11,941.26
1169,User_1169,37,France,2024-06-13,120.08
1170,User_1170,22,Israel,2023-10-09,503.24
1171,User_1171,33,Japan,2023-06-26,515.2
1172,User_1172,39,Germany,2021-06-12,504.54
1173,User_1173,46,Israel,2020-10-16,520.94
1174,User_1174,29,Japan,2020-02-06,135.32
1175,User_1175,36,Canada,2020-09-29,397.92
1176,User_1176,29,Japan,2024-08-06,428.17
1177,User_1177,62,UK,2023-01-03,69.88
1178,User_1178,33,Israel,2023-04-05,200.32
1179,User_1179,21,France,2022-11-20,948.82
1180,User_1180,29,Canada,2022-07-13,67.57
1181,User_1181,48,India,2022-08-11,728.98
1182,User_1182,31,Israel,2023-09-25,266.1
1183,User_1183,45,UK,2020-04-13,19.24
1184,User_1184,66,Canada,2021-08-12,648.4
1185,User_1185,18,Israel,2024-09-19,694.64
1186,User_1186,46,UK,2021-07-06,739.64
1187,User_1187,31,India,2020-05-31,350.39
1188,User_1188,48,India,2023-06-06,529.69
1189,User_1189,60,Canada,2021-12-09,852.41
1190,User_1190,32,Israel,2022-10-21,40.78
1191,User_1191,56,Japan,2022-01-01,183.63
1192,User_1192,18,UK,2022-10-21,277.8
1193,User_1193,51,Japan,2020-06-06,687.96
1194,User_1194,46,Germany,2022-05-07,254.9
1195,User_1195,66,France,2022-04-27,885.71
1196,User_1196,69,France,2022-05-22,763.36
1197,User_1197,58,Germany,2021-10-21,434.81
1198,User_1198,66,Japan,2022-03-12,57.95
1199,User_1199,63,Germany,2020-03-05,643.3
1200,User_1200,65,France,2021-06-07,459.3
1201,User_1201,65,Canada,2022-10-07,977.8
1202,User_1202,59,Israel,2024-04-19,959.52
1203,User_1203,47,Israel,2021-12-08,663.26
1204,User_1204,44,Japan,2020-09-12,817.73
1205,User_1205,43,UK,2023-12-26,360.72
1206,User_1206,19,Canada,2020-02-19,21.06
1207,User_1207,19,Canada,2024-02-15,466.71
1208,User_1208,21,USA,2021-11-26,858.08
1209,User_1209,44,India,2022-12-14,387.27
1210,User_1210,18,India,2024-07-04,568.27
1211,User_1211,39,Canada,2024-10-05,89.58
1212,User_1212,27,India,2024-04-10,928.66
1213,User_1213,58,France,2023-01-28,649.39
1214,User_1214,47,Germany,2020-05-11,523.11
1215,User_1215,70,Japan,2023-07-08,70.25
1216,User_1216,43,Germany,2021-02-06,112.11
1217,User_1217,53,France,2022-06-18,343.83
1218,User_1218,19,UK,2024-02-25,959.13
1219,User_1219,23,Israel,2022-06-16,766.57
1220,User_1220,38,Canada,2021-03-11,218.63
1221,User_1221,54,Germany,2020-04-06,87.23
1222,User_1222,65,UK,2022-02-15,252.05
1223,User_1223,59,India,2022-03-02,161.28
1224,User_1224,26,UK,2022-11-16,659.95
1225,User_1225,22,Israel,2023-05-16,56.3
1226,User_1226,22,UK,2024-04-08,215.48
1227,User_1227,45,USA,2021-03-08,269.47
1228,User_1228,57,Israel,2021-11-16,943.14
1229,User_1229,67,Germany,2024-11-02,100.58
1230,User_1230,65,Japan,2022-07-02,281.12
1231,User_1231,29,Japan,2023-09-30,793.25
1232,User_1232,36,Japan,2022-10-25,874.07
1233,User_1233,31,UK,2021-12-13,453.91
1234,User_1234,44,Israel,2021-07-12,311.47
1235,User_1235,53,Israel,2024-08-26,359.39
1236,User_1236,56,Canada,2024-02-13,606.39
1237,User_1237,52,Japan,2024-08-07,803.15
1238,User_1238,20,France,2024-05-20,255.47
1239,User_1239,62,France,2020-05-27,630.35
1240,User_1240,69,Germany,2020-09-05,842.89
1241,User_1241,38,UK,2023-05-29,887.86
1242,User_1242,47,Japan,2020-07-08,646.02
1243,User_1243,32,Germany,2023-09-23,210.79
1244,User_1244,23,Germany,2020-04-22,851.09
1245,User_1245,64,Canada,2021-12-02,814.11
1246,User_1246,56,Canada,2022-03-09,544.09
1247,User_1247,56,Japan,2022-11-26,129.4
1248,User_1248,24,Canada,2021-12-23,948.34
1249,User_1249,18,USA,2020-07-18,621.62
1250,User_1250,62,France,2023-09-09,914.67
1251,User_1251,58,Germany,2021-05-12,618.17
1252,User_1252,29,USA,2022-07-14,71.58
1253,User_1253,28,Israel,2021-09-29,521.09
1254,User_1254,21,Germany,2021-04-04,296.48
1255,User_1255,26,Japan,2023-08-25,700.69
1256,User_1256,32,USA,2023-08-16,86.72
1257,User_1257,48,Canada,2023-12-27,890.9
1258,User_1258,64,Japan,2023-08-01,979.51
1259,User_1259,68,France,2020-08-29,281.83
1260,User_1260,28,UK,2024-05-31,521.35
1261,User_1261,62,UK,2023-03-21,613.54
1262,User_1262,64,USA,2023-01-25,710.69
1263,User_1263,22,USA,2020-02-26,46.44
1264,User_1264,50,UK,2021-01-17,558.63
1265,User_1265,60,UK,2022-07-17,732.19
1266,User_1266,47,UK,2024-01-03,771.54
1267,User_1267,44,Israel,2021-10-22,123.1
1268,User_1268,58,France,2023-01-17,967.41
1269,User_1269,52,Israel,2022-10-09,128.47
1270,User_1270,29,UK,2023-05-14,613.97
1271,User_1271,65,Israel,2023-02-11,943.37
1272,User_1272,57,Germany,2023-09-14,440.65
1273,User_1273,41,Germany,2023-07-13,566.04
1274,User_1274,68,Japan,2023-06-12,157.5
1275,User_1275,31,Japan,2023-09-15,654.44
1276,User_1276,64,India,2024-04-06,725.72
1277,User_1277,55,UK,2022-12-17,619.71
1278,User_1278,44,India,2023-09-15,862.97
1279,User_1279,50,Canada,2021-01-03,817.91
1280,User_1280,32,India,2022-11-04,790.85
1281,User_1281,53,UK,2024-01-07,858.23
1282,User_1282,24,Israel,2022-05-06,454.39
1283,User_1283,36,USA,2021-02-27,866.12
1284,User_1284,45,Canada,2022-01-14,116.52
1285,User_1285,56,Japan,2022-08-13,747.6
1286,User_1286,56,Germany,2022-04-01,39.7
1287,User_1287,56,Germany,2021-04-09,730.97
1288,User_1288,56,Japan,2020-04-09,925.26
1289,User_1289,45,Germany,2022-02-11,543.04
1290,User_1290,18,Japan,2022-07-21,513.3
1291,User_1291,30,USA,2021-07-30,733.33
1292,User_1292,59,Germany,2021-07-31,980.4
1293,User_1293,35,UK,2022-11-30,455.14
1294,User_1294,33,USA,2021-02-09,318.92
1295,User_1295,22,Germany,2021-04-14,681.63
1296,User_1296,68,Israel,2023-05-04,638.62
1297,User_1297,30,Japan,2022-05-07,753.32
1298,User_1298,38,Japan,2020-10-22,205.69
1299,User_1299,47,Germany,2024-06-05,318.39
1300,User_1300,56,Germany,2022-01-21,600.73
1301,User_1301,50,Israel,2021-02-17,771.93
1302,User_1302,47,Germany,2022-02-10,323.31
1303,User_1303,52,India,2022-01-05,934.68
1304,User_1304,38,Japan,2024-04-25,936.33
1305,User_1305,69,Israel,2020-06-18,747.94
1306,User_1306,18,Canada,2020-07-27,26.71
1307,User_1307,41,Canada,2023-03-04,498.95
1308,User_1308,32,Israel,2020-01-25,791.52
1309,User_1309,42,UK,2020-04-29,480.89
1310,User_1310,54,Israel,2020-06-26,163.54
1311,User_1311,48,France,2022-03-23,434.12
1312,User_1312,65,Canada,2023-03-19,97.07
1313,User_1313,36,Israel,2024-04-29,62.51
1314,User_1314,38,India,2021-06-22,501.66
1315,User_1315,64,Germany,2023-05-21,310.58
1316,User_1316,64,Canada,2023-02-26,786.06
1317,User_1317,57,Japan,2021-03-12,430.03
1318,User_1318,37,France,2023-12-22,977.81
1319,User_1319,31,Israel,2021-05-30,416.94
1320,User_1320,68,Japan,2023-05-16,371.1
1321,User_1321,46,UK,2021-09-18,643.09
1322,User_1322,61,India,2020-08-11,707.24
1323,User_1323,29,India,2023-11-29,403.74
1324,User_1324,36,Canada,2022-11-10,515.36
1325,User_1325,45,USA,2024-03-06,653.23
1326,User_1326,56,Canada,2024-05-04,325.16
1327,User_1327,49,India,2020-06-11,100.27
1328,User_1328,53,Japan,2023-02-06,18.78
1329,User_1329,50,Israel,2023-02-07,156.96
1330,User_1330,58,USA,2022-08-07,467.76
1331,User_1331,27,France,2020-03-29,751.52
1332,User_1332,45,France,2021-02-20,570.95
1333,User_1333,18,Japan,2023-03-05,216.31
1334,User_1334,42,USA,2023-05-04,247.55
1335,User_1335,70,France,2021-10-29,756.27
1336,User_1336,65,India,2022-11-11,666.53
1337,User_1337,24,UK,2024-09-01,273.49
1338,User_1338,53,Israel,2022-12-10,598.95
1339,User_1339,44,Canada,2021-01-12,120.73
1340,User_1340,33,India,2024-11-11,550.28
1341,User_1341,50,UK,2021-09-03,974.41
1342,User_1342,30,Israel,2021-07-21,470.1
1343,User_1343,39,Germany,2021-11-01,937.46
1344,User_1344,28,Canada,2020-06-24,910.2
1345,User_1345,69,France,2024-06-16,205.24
1346,User_1346,31,Canada,2022-08-08,955.32
1347,User_1347,41,UK,2022-10-23,852.16
1348,User_1348,46,UK,2023-08-03,229.54
1349,User_1349,43,USA,2022-04-14,342.65
1350,User_1350,22,Japan,2021-05-27,295.0
1351,User_1351,56,France,2021-09-10,65.17
1352,User_1352,64,Germany,2022-10-30,356.88
1353,User_1353,50,UK,2021-12-20,277.08
1354,User_1354,43,France,2021-08-07,151.48
1355,User_1355,54,USA,2024-08-03,533.13
1356,User_1356,60,UK,2021-09-15,957.3
1357,User_1357,65,UK,2020-06-24,880.64
1358,User_1358,22,India,2020-08-22,93.01
1359,User_1359,22,USA,2020-02-01,874.39
1360,User_1360,45,France,2022-02-10,666.64
1361,User_1361,59,UK,2023-09-05,438.92
1362,User_1362,29,Israel,2021-11-23,640.51
1363,User_1363,26,Israel,2022-01-15,997.18
1364,User_1364,63,Japan,2020-08-15,37.43
1365,User_1365,38,France,2023-08-21,900.68
1366,User_1366,63,Germany,2024-07-28,468.69
1367,User_1367,58,Germany,2024-10-02,50.14
1368,User_1368,41,UK,2021-02-23,733.09
1369,User_1369,41,Canada,2020-08-17,821.08
1370,User_1370,31,Japan,2020-11-22,922.04
1371,User_1371,36,USA,2024-10-12,70.65
1372,User_1372,24,India,2021-01-28,875.3
1373,User_1373,49,USA,2021-01-18,978.64
1374,User_1374,41,Germany,2023-06-19,260.55
1375,User_1375,60,France,2024-01-25,66.52
1376,User_1376,47,USA,2021-01-18,512.79
1377,User_1377,31,France,2022-11-11,718.84
1378,User_1378,48,Israel,2023-01-25,162.98
1379,User_1379,41,France,2023-12-04,71.69
1380,User_1380,30,Israel,2024-02-03,929.93
1381,User_1381,25,Israel,2024-06-18,596.45
1382,User_1382,55,USA,2024-07-26,950.71
1383,User_1383,30,Canada,2021-01-23,139.5
1384,User_1384,27,India,2023-04-05,878.76
1385,User_1385,35,UK,2021-12-04,457.65
1386,User_1386,27,UK,2022-04-09,726.4
1387,User_1387,53,USA,2024-03-29,328.13
1388,User_1388,35,Israel,2024-07-20,305.04
1389,User_1389,23,Japan,2024-10-28,379.09
1390,User_1390,28,Israel,2023-12-25,625.24
1391,User_1391,55,India,2020-11-16,240.89
1392,User_1392,24,Japan,2024-02-28,744.92
1393,User_1393,31,Canada,2020-02-29,678.24
1394,User_1394,67,Israel,2022-02-15,934.3
1395,User_1395,65,Canada,2023-10-24,555.67
1396,User_1396,41,UK,2024-08-02,870.46
1397,User_1397,61,USA,2024-01-22,324.15
1398,User_1398,60,Japan,2020-05-15,471.36
1399,User_1399,44,France,2021-02-25,19.58
1400,User_1400,68,France,2024-11-02,612.08
1401,User_1401,68,Germany,2022-08-30,692.08
1402,User_1402,48,Japan,2023-05-15,313.87
1403,User_1403,47,Germany,2022-12-07,895.15
1404,User_1404,44,Japan,2024-11-04,234.72
1405,User_1405,43,Japan,2022-02-14,994.86
1406,User_1406,39,Japan,2022-10-26,965.49
1407,User_1407,34,Israel,2021-02-08,747.95
1408,User_1408,31,France,2020-08-24,886.45
1409,User_1409,21,Germany,2022-04-21,229.49
1410,User_1410,51,India,2021-07-26,998.7
1411,User_1411,20,India,2020-10-04,996.77
1412,User_1412,42,France,2020-11-06,844.79
1413,User_1413,27,Canada,2024-12-03,727.75
1414,User_1414,34,Germany,2024-11-12,63.71
1415,User_1415,64,France,2021-02-17,506.81
1416,User_1416,51,India,2020-07-18,151.83
1417,User_1417,46,Canada,2023-10-26,142.2
1418,User_1418,30,Germany,2023-12-07,537.54
1419,User_1419,41,India,2020-09-02,28.36
1420,User_1420,32,France,2022-01-16,660.59
1421,User_1421,25,France,2022-08-28,200.06
1422,User_1422,42,Canada,2020-04-28,867.87
1423,User_1423,52,UK,2024-08-04,570.95
1424,User_1424,24,UK,2022-05-14,89.96
1425,User_1425,20,UK,2024-10-08,142.63
1426,User_1426,38,France,2024-01-09,973.42
1427,User_1427,34,France,2022-09-17,331.46
1428,User_1428,31,UK,2024-04-07,86.7
1429,User_1429,55,UK,2020-05-24,815.96
1430,User_1430,38,UK,2024-07-13,708.89
1431,User_1431,41,Israel,2022-06-28,375.52
1432,User_1432,50,Japan,2022-06-24,182.86
1433,User_1433,35,USA,2022-12-23,725.34
1434,User_1434,30,UK,2023-10-22,740.69
1435,User_1435,31,Japan,2020-02-25,669.05
1436,User_1436,67,USA,2022-03-10,330.71
1437,User_1437,40,UK,2023-02-10,491.37
1438,User_1438,60,India,2023-05-19,867.54
1439,User_1439,67,USA,2024-09-16,920.14
1440,User_1440,31,USA,2024-02-15,229.04
1441,User_1441,50,Japan,2020-02-23,740.01
1442,User_1442,66,USA,2023-10-05,423.39
1443,User_1443,61,USA,2023-07-05,795.13
1444,User_1444,25,UK,2020-09-02,485.64
1445,User_1445,67,Japan,2021-07-12,264.22
1446,User_1446,45,India,2022-12-05,638.33
1447,User_1447,38,Germany,2022-03-28,500.77
1448,User_1448,70,Germany,2021-07-26,564.11
1449,User_1449,40,France,2022-04-13,173.98
1450,User_1450,18,Germany,2022-06-14,541.19
1451,User_1451,56,India,2024-05-17,375.5
1452,User_1452,24,UK,2021-07-15,211.51
1453,User_1453,19,India,2021-05-06,247.41
1454,User_1454,20,France,2023-02-24,718.05
1455,User_1455,25,India,2023-07-08,398.54
1456,User_1456,40,USA,2021-03-21,962.75
1457,User_1457,68,USA,2020-10-22,373.0
1458,User_1458,69,UK,2020-10-29,575.02
1459,User_1459,54,France,2024-03-03,279.54
1460,User_1460,18,Japan,2021-02-28,585.28
1461,User_1461,55,Israel,2023-11-12,107.34
1462,User_1462,26,Canada,2021-04-06,729.8
1463,User_1463,20,USA,2024-07-07,806.54
1464,User_1464,57,Canada,2022-11-12,914.88
1465,User_1465,34,Germany,2020-06-16,588.44
1466,User_1466,47,India,2022-05-03,564.05
1467,User_1467,34,Israel,2022-10-12,688.65
1468,User_1468,62,Germany,2020-10-04,189.78
1469,User_1469,52,Israel,2021-10-20,649.99
1470,User_1470,32,Israel,2023-09-11,444.14
1471,User_1471,46,Canada,2021-07-15,632.47
1472,User_1472,70,USA,2023-10-16,574.57
1473,User_1473,34,USA,2021-06-01,26.9
1474,User_1474,21,UK,2020-05-30,448.45
1475,User_1475,64,Germany,2023-12-19,389.43
1476,User_1476,47,Germany,2020-03-17,471.36
1477,User_1477,42,Japan,2022-09-18,797.36
1478,User_1478,23,Israel,2022-03-25,796.34
1479,User_1479,26,India,2023-12-09,693.01
1480,User_1480,60,Canada,2020-10-29,567.26
1481,User_1481,65,USA,2020-05-07,583.81
1482,User_1482,26,France,2022-11-25,622.12
1483,User_1483,38,Israel,2021-12-14,693.77
1484,User_1484,36,Germany,2024-06-05,491.76
1485,User_1485,26,Japan,2024-11-15,65.83
1486,User_1486,26,France,2021-01-17,231.38
1487,User_1487,49,USA,2020-06-27,195.27
1488,User_1488,29,USA,2023-05-01,514.94
1489,User_1489,46,France,2024-08-15,631.42
1490,User_1490,54,Canada,2024-06-22,827.01
1491,User_1491,69,Israel,2023-05-20,173.3
1492,User_1492,29,Japan,2024-03-09,656.1
1493,User_1493,51,France,2022-05-03,576.78
1494,User_1494,38,Canada,2023-07-29,848.76
1495,User_1495,26,Germany,2024-05-20,241.58
1496,User_1496,53,France,2020-08-06,274.28
1497,User_1497,49,Canada,2022-07-02,44.95
1498,User_1498,54,Germany,2021-10-18,94.64
1499,User_1499,36,Germany,2020-12-14,191.68
1500,User_1500,48,USA,2022-10-07,448.94
