id,name,age,country,signup_date,purchase_amount,tax,total_cost
1,User_1,30,USA,2021-01-15,500.0,0.1,50.0
2,User_2,,NaN,,200.0,0.05,NaN
3,User_3,N/A,UK,20220315,error,?,error
4,User_4,45,Germany,20250123,300.0,0.08,24.0
5,User_5,150,France,NaN,-500.0,5.0,-2500.0
1,User_1,30,USA,2021-01-15,500.0,0.1,50.0
7,User_7,28,India,2020-06-10,123.45,0.07,8.64
8,User_8,20,France,2020-08-19,592.47,0.14,82.95
9,User_9,37,Canada,2024-06-13,30.47,0.09,2.74
10,User_10,19,Japan,2024-05-15,191.1,0.15,28.66
11,User_11,18,UK,2022-05-12,926.99,0.17,157.59
12,,47,USA,2022-07-02,917.86,0.09,82.61
13,User_13,20,Germany,2022-06-04,638.0,0.18,114.84
14,User_14,59,Canada,2022-09-11,264.33,0.09,23.79
15,User_15,18,Germany,2022-04-08,796.1,0.09,71.65
12,,47,USA,2022-07-02,917.86,0.09,82.61
17,User_17,32,Germany,2021-11-29,406.26,0.16,65.0
18,User_18,36,Israel,2021-08-06,79.19,0.13,10.29
19,User_19,55,France,2024-08-08,263.78,0.13,34.29
20,User_20,46,UK,2023-11-11,826.22,0.08,66.1
21,User_21,64,UK,2020-09-11,713.18,0.15,106.98
22,User_22,43,Japan,2020-12-15,820.98,0.17,139.57
23,User_23,37,France,2021-03-22,572.63,0.05,28.63
24,User_24,65,India,2020-04-15,573.13,0.11,63.04
25,User_25,54,Canada,2024-02-15,280.31,0.16,44.85
26,User_26,34,Israel,2021-12-16,725.24,0.05,36.26
27,User_27,61,Germany,2022-01-12,385.05,0.13,50.06
28,User_28,49,India,2020-12-27,647.66,0.1,64.77
29,User_29,38,Japan,2020-07-15,599.88,0.06,35.99
30,User_30,69,France,2023-10-04,970.84,0.13,126.21
31,User_31,30,Japan,2024-08-23,429.06,0.05,21.45
32,User_32,27,Israel,2021-11-08,407.07,0.16,65.13
33,User_33,34,Israel,2022-08-10,832.21,0.11,91.54
34,User_34,67,Japan,2021-12-27,171.33,0.07,11.99
35,User_35,error,France,2021-02-16,627.34,0.12,75.28
36,User_36,35,France,2023-12-13,838.96,0.17,142.62
37,User_37,48,UK,2021-01-29,497.22,0.16,79.56
38,User_38,51,Germany,2020-05-24,650.15,0.08,52.01
39,User_39,62,UK,2020-12-22,396.68,0.5,198.34
40,User_40,-5,France,2022-10-16,74.39,0.15,11.16
41,User_41,39,Israel,2021-05-04,858.31,0.1,85.83
42,User_42,22,Japan,2020-07-14,234.4,0.16,37.5
43,User_43,61,Germany,2021-02-18,364.03,0.04,14.56
44,User_44,31,UK,2022-03-31,722.65,0.16,115.62
45,User_45,47,USA,2021-11-20,389.48,0.11,42.84
46,User_46,48,India,2024-01-22,,0.09,11.97
47,User_47,66,India,2021-07-14,839.39,0.16,134.3
48,User_48,29,Israel,2021-11-04,454.41,0.15,68.16
49,User_49,38,USA,2020-04-02,462.08,0.11,50.83
50,User_50,26,USA,2023-01-02,409.97,0.16,65.6
51,User_51,24,USA,2022-12-08,361.28,0.16,57.8
52,User_52,52,India,2022-06-18,878.11,0.09,79.03
53,User_53,66,France,2023-01-18,717.62,0.06,43.06
54,User_54,44,Israel,2022-09-27,594.6,0.05,29.73
55,User_55,46,India,2021-10-01,864.61,0.09,77.81
56,User_56,52,Japan,2023-09-09,90.78,0.1,9.08
57,User_57,54,USA,2023-12-23,671.06,0.06,40.26
58,User_58,43,Japan,2020-01-23,271.5,0.04,10.86
59,User_59,29,France,2024-11-19,252.95,0.1,25.3
60,User_60,51,Germany,2020-10-27,162.25,0.13,21.09
61,User_61,63,Germany,2024-06-24,73.43,0.08,5.87
62,User_62,51,Israel,2022-10-16,594.16,0.06,35.65
63,User_63,21,USA,2021-08-12,803.24,0.14,112.45
64,User_64,45,UK,2020-01-05,864.46,0.12,103.74
65,User_65,999,Canada,2022-10-27,292.69,0.07,20.49
63,User_63,21,USA,2021-08-12,803.24,0.14,112.45
67,User_67,42,Israel,2020-11-17,22.06,0.17,3.75
68,User_68,40,UK,2020-07-30,782.84,0.06,46.97
69,User_69,63,USA,2020-07-27,246.78,0.13,32.08
70,User_70,39,UK,2020-08-02,725.56,0.09,65.3
71,User_71,31,Germany,2023-10-07,202.39,0.1,20.24
72,User_72,21,USA,2023-07-01,346.89,0.12,41.63
73,User_73,30,Japan,2022-08-27,262.35,0.07,18.36
74,User_74,30,Germany,2024-05-09,250.81,0.12,30.1
75,,51,UK,2020-07-14,135.6,0.15,20.34
76,,31,Germany,2020-11-13,588.97,0.05,29.45
77,User_77,36,UK,2021-01-12,400.19,0.08,32.02
78,User_78,63,Japan,2024-01-31,774.23,0.14,108.39
79,User_79,54,India,2024-07-25,NaN,0.05,nan
80,User_80,66,Israel,2023-02-23,745.5,0.04,29.82
81,User_81,40,USA,2023-02-21,763.01,0.09,68.67
82,User_82,38,India,2020-08-05,59.13,0.12,7.1
83,User_83,38,Germany,2022-12-14,79.55,0.09,7.16
84,User_84,59,India,2024-02-27,916.18,0.04,36.65
85,User_85,69,Germany,2021-07-26,798.45,0.08,63.88
86,User_86,67,Israel,2022-07-24,674.78,0.04,26.99
87,User_87,25,France,2021-05-08,118.93,0.17,20.22
88,User_88,68,USA,2023-03-13,386.22,0.06,23.17
89,User_89,58,India,2024-02-09,598.27,0.08,47.86
90,User_90,49,Japan,2021-02-01,91.02,0.17,15.47
91,User_91,54,France,2021-01-30,449.81,0.13,58.48
92,User_92,24,Israel,2023-08-29,650.02,0.12,78.0
93,User_93,32,India,2021-12-25,659.35,0.11,72.53
94,User_94,48,UK,2023-12-18,443.83,0.15,66.57
95,User_95,41,Israel,2023-07-06,534.96,0.16,85.59
96,User_96,64,Japan,2021-12-14,463.69,error,32.46
97,User_97,56,France,2023-08-28,691.17,0.12,82.94
98,User_98,56,Canada,2022-06-25,240.3,0.1,24.03
99,User_99,51,USA,2022-12-07,767.47,0.1,76.75
100,User_100,39,Canada,2022-02-07,828.6,0.11,91.15
101,User_101,44,Israel,2024-01-09,63.42,0.17,10.78
102,User_102,26,Japan,2023-06-11,803.02,0.05,40.15
103,User_103,42,India,2022-08-05,109.97,0.06,6.6
104,User_104,64,France,2020-10-22,84.4,0.14,11.82
105,User_105,55,France,20211210,727.71,0.14,101.88
106,User_106,22,Canada,2021-05-23,242.7,0.12,29.12
23,User_23,37,France,2021-03-22,572.63,0.05,28.63
108,User_108,25,Canada,2023-04-20,488.72,0.07,34.21
109,User_109,58,India,2021-11-01,795.77,0.12,95.49
110,User_110,65,USA,2021-09-14,916.65,0.06,55.0
111,User_111,61,Japan,2024-09-22,294.56,0.16,47.13
112,User_112,19,USA,2021-09-16,378.62,0.17,64.37
113,User_113,66,India,2021-05-15,714.73,0.17,121.5
114,User_114,67,France,2021-06-13,982.15,0.08,78.57
115,User_115,60,Japan,2021-12-02,135.39,0.12,16.25
116,User_116,39,India,2021-09-26,257.79,0.06,15.47
117,User_117,43,France,2022-05-24,370.61,0.06,22.24
118,User_118,42,Canada,2022-11-19,940.68,0.16,150.51
119,User_119,64,Canada,2023-10-01,700.67,0.18,126.12
120,User_120,47,Japan,2023-11-08,121.61,0.07,8.51
121,User_121,63,Canada,2022-06-10,91.37,1.0,91.37
122,User_122,34,Germany,2022-05-20,790.84,0.16,126.53
123,User_123,59,France,2020-07-20,256.72,0.12,30.81
124,User_124,54,Canada,,582.77,0.09,52.45
125,User_125,48,Canada,2021-02-18,81.81,0.1,8.18
126,User_126,48,Canada,2024-08-08,846.17,0.16,135.39
127,User_127,23,Germany,2022-09-29,169.47,0.17,28.81
128,User_128,36,USA,2020-02-26,97.09,0.12,11.65
129,User_129,44,Germany,2021-02-23,104.31,0.13,13.56
130,User_130,41,USA,2022-05-04,350.02,0.14,49.0
131,User_131,27,UK,2021-09-17,865.05,0.16,138.41
132,User_132,32,France,2023-04-10,244.6,0.16,39.14
133,User_133,39,Germany,2024-07-24,596.79,0.08,47.74
134,User_134,24,Israel,2023-08-17,817.6,0.15,122.64
135,User_135,40,USA,2023-09-12,692.13,0.11,76.13
136,User_136,32,Germany,2020-02-14,859.0,0.09,77.31
137,User_137,39,USA,2021-05-12,250.26,0.15,37.54
138,User_138,62,Canada,2020-03-31,46.15,0.07,3.23
139,User_139,67,Canada,2023-06-06,180.09,0.11,19.81
140,User_140,61,France,2020-02-19,718.4,0.07,50.29
141,User_141,23,USA,2021-01-13,367.1,0.1,36.71
142,User_142,64,India,2024-07-03,723.19,0.16,115.71
143,User_143,32,Germany,2024-09-03,N/A,0.14,26.37
144,User_144,54,India,2020-11-20,315.15,0.15,47.27
145,User_145,48,France,2023-03-19,406.53,0.15,60.98
18,User_18,36,Israel,2021-08-06,79.19,0.13,10.29
147,User_147,64,India,2021-06-14,466.65,0.13,60.66
148,User_148,45,Germany,2022-01-26,469.16,0.12,56.3
149,User_149,31,Japan,2020-09-24,694.38,0.1,69.44
150,User_150,45,Germany,2024-05-26,787.3,0.08,62.98
151,User_151,18,Canada,2023-04-11,914.49,0.04,36.58
152,User_152,60,Japan,2024-02-24,65.5,0.07,4.59
153,User_153,67,Germany,2021-07-01,983.41,0.15,147.51
154,User_154,53,Japan,2024-01-29,199.07,0.13,25.88
155,User_155,35,UK,2020-04-16,180.46,0.11,19.85
156,User_156,68,USA,2022-08-30,956.39,0.06,57.38
157,User_157,50,Canada,2023-09-18,831.42,0.11,91.46
139,User_139,67,Canada,2023-06-06,180.09,0.11,19.81
159,User_159,53,Germany,2023-01-20,537.1,0.1,53.71
160,User_160,50,USA,2020-02-27,873.05,0.12,104.77
161,User_161,50,Japan,2020-06-06,796.45,0.05,39.82
162,User_162,53,Japan,2020-08-27,268.74,0.16,43.0
163,User_163,44,France,2022-07-11,251.67,0.11,27.68
164,User_164,40,USA,2023-01-05,914.6,0.09,82.31
165,User_165,60,France,2024-03-08,927.92,0.05,46.4
166,User_166,44,Germany,2024-09-08,error,0.04,3.54
167,User_167,45,NaN,2022-02-03,252.82,0.05,12.64
168,User_168,60,USA,2024-06-06,267.43,0.13,34.77
169,User_169,23,France,2021-05-30,22.0,0.05,1.1
170,User_170,29,Israel,2021-07-18,233.31,0.06,14.0
171,User_171,31,France,2022-09-11,733.54,0.06,44.01
172,User_172,29,India,2020-02-01,617.63,0.13,80.29
173,User_173,29,Germany,2022-06-01,791.73,0.12,95.01
174,User_174,37,Israel,2023-02-04,757.86,0.11,83.36
175,User_175,23,France,2021-10-04,284.7,0.1,28.47
176,User_176,50,Israel,2021-06-14,185.23,0.07,12.97
177,User_177,26,France,2021-12-16,956.0,0.08,76.48
108,User_108,25,Canada,2023-04-20,488.72,0.07,34.21
179,User_179,28,Israel,2023-07-12,213.11,0.09,19.18
180,User_180,53,Japan,2024-02-11,94.89,0.07,6.64
181,User_181,37,France,2020-05-27,806.0,0.08,64.48
182,User_182,19,USA,2020-02-12,252.04,0.12,30.24
183,User_183,69,Canada,2020-03-03,603.83,0.05,30.19
184,User_184,59,India,2023-04-09,,0.15,103.94
127,User_127,23,Germany,2022-09-29,169.47,0.17,28.81
186,User_186,28,UK,2024-08-28,688.11,0.11,75.69
187,User_187,27,Israel,2023-11-20,693.84,0.06,41.63
188,User_188,23,India,2021-07-07,193.61,0.15,29.04
189,User_189,26,India,2022-02-10,704.09,0.1,70.41
190,User_190,33,USA,2023-03-06,506.65,0.11,55.73
191,User_191,60,India,2024-07-28,191.03,0.15,28.65
192,User_192,52,France,2021-07-11,758.55,0.04,30.34
193,User_193,70,Canada,2022-07-10,89.58,0.05,4.48
194,User_194,60,Japan,2022-11-14,581.58,0.15,87.24
195,User_195,67,Germany,2021-01-29,345.48,0.12,41.46
196,User_196,44,Japan,2021-07-07,559.43,0.05,27.97
197,User_197,62,Japan,2023-06-21,388.01,0.15,58.2
198,User_198,45,India,2021-03-31,483.4,0.08,38.67
199,User_199,29,India,2024-07-02,297.06,0.06,17.82
200,User_200,69,Germany,2020-07-02,942.54,0.12,113.1
201,User_201,45,Germany,2024-11-30,12.17,0.16,1.95
202,User_202,69,France,2020-10-25,119.35,0.12,14.32
203,User_203,54,Germany,2023-03-30,176.42,0.18,31.76
204,User_204,62,India,2022-08-22,651.76,0.15,97.76
205,User_205,53,France,2020-07-17,952.97,0.15,142.95
206,User_206,28,France,2023-01-25,179.02,0.06,10.74
207,User_207,29,India,2021-12-12,47.88,0.14,6.7
208,User_208,62,USA,2024-06-26,629.58,0.18,113.32
209,User_209,36,USA,2024-02-19,515.81,0.08,41.26
210,User_210,19,Japan,2022-04-01,691.99,0.05,34.6
211,User_211,23,India,2020-02-22,943.77,0.13,122.69
212,User_212,52,USA,2023-06-04,946.98,0.11,104.17
213,User_213,31,Canada,2020-09-23,87.73,0.08,7.02
214,User_214,57,Canada,2020-11-07,308.85,0.17,52.5
215,User_215,68,Israel,2021-09-28,366.33,0.16,58.61
216,User_216,35,France,2023-04-12,554.39,0.08,44.35
217,User_217,27,France,,923.65,0.16,147.78
218,User_218,22,Germany,2020-10-21,402.56,0.04,16.1
219,User_219,61,France,2020-05-18,281.66,0.09,25.35
220,User_220,29,UK,2020-03-28,993.03,0.04,39.72
221,User_221,32,Germany,2020-06-22,303.48,0.15,45.52
222,User_222,37,France,2024-02-22,975.04,0.09,87.75
223,User_223,29,USA,2020-11-05,688.15,0.16,110.1
224,User_224,36,Germany,2021-08-30,15.01,0.12,1.8
225,User_225,67,Israel,2022-08-10,295.61,0.05,14.78
226,User_226,55,UK,2021-11-11,605.19,0.1,60.52
227,User_227,55,UK,2022-03-14,352.39,0.07,24.67
228,User_228,54,France,2024-01-29,802.3,,128.37
229,User_229,35,UK,2023-10-06,799.56,0.16,127.93
230,User_230,42,Israel,2023-05-01,611.41,0.08,48.91
231,User_231,54,USA,2020-09-09,334.87,0.12,40.18
232,User_232,62,Japan,2022-04-27,366.41,0.11,40.31
233,User_233,999,France,2021-06-22,715.28,0.15,107.29
234,User_234,18,UK,2021-02-04,183.93,0.07,12.88
235,User_235,65,Israel,2020-02-29,591.74,0.07,41.42
236,User_236,18,Germany,2020-01-08,825.81,0.17,140.39
237,User_237,53,Germany,2024-05-27,261.21,0.12,31.35
238,User_238,45,Canada,2023-09-06,271.91,0.13,35.35
239,User_239,41,France,2023-02-04,501.6,0.09,45.14
240,User_240,65,Israel,2023-05-31,119.06,0.17,20.24
241,User_241,19,France,2020-12-27,35.4,0.15,5.31
242,User_242,19,Israel,2020-07-19,119.3,5.0,596.5
243,User_243,23,India,2023-05-09,655.01,0.11,72.05
244,User_244,44,Germany,2020-08-06,469.72,0.1,46.97
245,User_245,43,France,2021-12-13,786.68,0.13,102.27
246,User_246,24,France,2021-10-29,396.49,0.08,31.72
247,User_247,39,Canada,2023-06-17,730.2,0.12,87.62
248,User_248,26,Israel,2021-10-29,865.41,0.07,60.58
249,User_249,37,USA,2024-11-05,540.64,0.09,48.66
250,User_250,69,France,2024-12-01,264.33,0.1,26.43
251,User_251,57,Japan,2020-04-01,914.6,0.15,137.19
252,User_252,47,India,2023-07-17,567.27,0.18,102.11
253,User_253,65,France,2022-03-20,959.33,0.16,153.49
254,User_254,33,Germany,2023-12-31,73.02,0.11,8.03
255,User_255,55,India,2024-10-11,805.0,0.07,56.35
256,User_256,52,Israel,2021-06-12,43.61,0.05,2.18
257,User_257,35,France,2020-10-27,242.56,0.06,14.55
258,User_258,51,Israel,2022-06-24,599.37,0.16,95.9
259,User_259,43,Canada,2020-12-16,207.11,0.08,16.57
260,User_260,19,Israel,2020-08-03,194.71,0.1,19.47
261,User_261,69,India,2023-07-09,796.88,0.15,119.53
262,User_262,undefined,UK,2023-02-04,962.9,0.1,96.29
263,User_263,62,France,2021-05-14,621.4,0.06,37.28
264,User_264,51,Germany,2023-11-23,30.59,0.12,3.67
265,User_265,68,India,2023-03-09,612.61,0.14,85.77
266,User_266,22,Japan,2024-01-10,411.1,0.14,57.55
267,User_267,64,USA,2020-08-27,901.77,NaN,nan
268,User_268,60,Japan,2022-11-20,error,0.07,7.56
269,,67,France,2021-04-06,123.65,0.04,4.95
270,User_270,57,France,2021-02-28,298.02,0.08,23.84
271,User_271,49,India,2020-07-10,23.1,0.09,2.08
272,User_272,43,France,2021-02-07,786.97,0.11,86.57
273,User_273,56,UK,2020-06-10,965.61,0.11,106.22
274,User_274,18,Germany,2023-02-03,330.24,0.05,16.51
275,User_275,39,India,2023-08-15,547.64,0.13,71.19
276,User_276,58,Israel,2023-10-15,704.95,0.06,42.3
277,User_277,67,Germany,2022-08-31,390.52,0.04,15.62
13,User_13,20,Germany,2022-06-04,638.0,0.18,114.84
279,User_279,N/A,UK,2022-12-21,595.14,0.17,101.17
280,User_280,49,Japan,2021-05-02,26.15,0.07,1.83
281,User_281,32,Japan,2023-01-13,111.88,0.16,17.9
282,User_282,59,Canada,2022-08-08,645.87,0.11,71.05
283,User_283,43,Israel,2022-10-15,978.29,0.14,136.96
284,User_284,41,Israel,2020-01-21,587.93,0.11,64.67
285,User_285,22,France,2024-01-10,700.07,0.12,84.01
286,User_286,35,India,2024-05-23,176.2,0.09,15.86
287,User_287,47,USA,2020-01-19,66.27,0.17,11.27
288,User_288,35,Japan,2022-01-11,629.39,0.12,75.53
289,User_289,28,Japan,2022-07-31,613.58,0.09,55.22
290,User_290,23,France,2021-06-16,686.66,0.1,68.67
291,User_291,35,USA,2020-07-17,955.07,0.08,76.41
292,User_292,37,Germany,2024-05-08,890.46,0.18,160.28
293,User_293,54,Japan,2024-07-04,495.0,0.1,49.5
294,User_294,57,UK,2023-06-07,412.87,0.14,57.8
295,User_295,27,UK,2024-05-29,549.06,0.13,71.38
296,User_296,29,Germany,2020-10-11,807.91,0.1,80.79
297,User_297,31,Canada,2021-11-28,334.25,0.07,23.4
298,User_298,64,Japan,2021-06-21,930.4,0.12,111.65
299,User_299,40,India,2023-04-04,617.41,0.17,104.96
300,User_300,18,India,2020-06-20,967.02,0.15,145.05
301,User_301,65,Israel,2022-11-08,378.23,0.08,30.26
302,User_302,23,Japan,2020-01-10,478.3,0.05,23.92
303,User_303,67,Canada,2022-10-25,849.08,0.08,67.93
304,User_304,30,USA,2021-09-17,689.88,0.09,62.09
305,User_305,52,USA,2022-12-04,674.87,0.08,53.99
306,User_306,62,Japan,2023-07-15,84.83,0.04,3.39
307,User_307,49,Japan,2022-04-02,20000,0.12,2400.0
308,User_308,55,Israel,2024-08-03,61.83,0.16,9.89
309,User_309,37,Germany,2023-01-09,895.67,0.05,44.78
310,User_310,40,Japan,2021-01-11,969.44,0.14,135.72
311,User_311,18,Germany,2021-11-24,832.67,0.12,99.92
312,User_312,51,UK,2023-03-22,234.37,0.11,25.78
313,User_313,69,Germany,2024-09-20,288.41,0.04,11.54
314,User_314,51,India,2023-07-15,552.82,0.14,77.39
315,User_315,28,UK,2021-09-29,267.97,0.04,10.72
316,User_316,34,India,2024-09-09,552.62,0.07,38.68
317,User_317,51,India,2024-10-10,263.25,0.16,42.12
318,User_318,37,Germany,2020-07-14,974.47,0.14,136.43
319,User_319,69,UK,2023-10-29,437.98,0.13,56.94
320,User_320,47,India,2020-04-13,118.52,0.13,15.41
321,User_321,N/A,India,2020-04-24,641.78,0.11,70.6
322,User_322,48,Canada,2020-10-28,40.81,0.18,7.35
323,User_323,38,Canada,2021-04-21,168.31,0.16,26.93
324,User_324,52,UK,2020-12-18,212.87,0.09,19.16
325,User_325,49,India,2021-05-02,100.79,0.1,10.08
326,User_326,60,Japan,2024-01-02,927.68,0.14,129.88
327,User_327,60,Canada,2023-05-12,109.64,0.11,12.06
328,User_328,42,UK,2020-01-10,121.48,0.08,9.72
329,User_329,27,India,2021-08-02,158.36,0.14,22.17
330,User_330,38,Israel,2024-12-03,193.06,0.11,21.24
331,User_331,63,India,2023-05-27,839.41,0.17,142.7
332,User_332,26,India,2021-05-07,error,0.06,51.4
333,User_333,18,India,2024-05-04,351.62,0.11,38.68
334,User_334,47,UK,2021-08-21,566.97,0.16,90.72
335,User_335,32,Canada,2022-12-22,270.29,0.15,40.54
336,User_336,42,UK,2023-01-23,789.22,0.05,39.46
337,User_337,29,Israel,2021-02-18,710.94,0.09,63.98
338,User_338,24,India,2023-04-06,926.84,0.09,83.42
339,User_339,58,France,2023-05-09,126.1,0.07,8.83
340,User_340,27,Israel,2022-12-06,526.36,0.16,84.22
341,User_341,53,Canada,2020-01-06,285.68,0.08,22.85
342,User_342,64,India,2023-11-13,303.39,0.14,42.47
343,User_343,33,Canada,2022-12-22,639.59,0.18,115.13
344,User_344,39,Japan,2020-09-19,346.51,0.14,48.51
345,User_345,67,France,2023-05-09,27.85,0.13,3.62
346,User_346,56,India,2021-10-04,508.31,0.06,30.5
347,User_347,-5,Germany,2023-06-13,492.54,0.09,44.33
348,User_348,61,Japan,2022-05-09,776.21,0.09,69.86
349,User_349,36,Japan,2024-10-23,677.32,0.06,40.64
350,User_350,67,Japan,2024-08-10,779.01,0.17,132.43
351,User_351,69,UK,2022-11-21,245.71,0.12,29.49
331,User_331,63,India,2023-05-27,839.41,0.17,142.7
353,User_353,32,UK,2023-07-11,977.02,0.18,175.86
354,User_354,42,Israel,2020-02-19,533.77,0.09,48.04
355,User_355,25,UK,2020-12-13,211.55,0.06,12.69
356,User_356,23,USA,2022-10-11,901.98,0.1,90.2
357,User_357,44,Israel,2020-07-24,21.12,0.12,2.53
358,User_358,69,Israel,2023-02-06,68.96,0.16,11.03
359,User_359,39,Israel,2023-03-16,67.31,0.09,6.06
245,User_245,43,France,2021-12-13,786.68,0.13,102.27
361,User_361,55,Japan,2024-06-25,247.15,0.09,22.24
362,User_362,54,USA,2020-08-26,188.39,0.12,22.61
363,User_363,52,UK,2021-12-17,588.43,0.1,58.84
364,User_364,51,Canada,2020-03-15,921.47,0.13,119.79
365,User_365,26,India,2022-07-27,131.29,0.05,6.56
366,User_366,65,UK,2022-12-27,20000,0.12,2400.0
367,User_367,33,India,2023-07-27,643.41,0.1,64.34
368,User_368,41,Canada,2021-11-08,N/A,0.05,16.52
369,User_369,29,Germany,2024-03-26,79.24,0.09,7.13
370,User_370,60,UK,2021-01-15,227.46,0.17,38.67
371,User_371,68,Japan,2023-09-30,665.22,0.1,66.52
372,User_372,33,Canada,2022-10-06,704.57,0.12,84.55
373,User_373,39,Canada,2020-08-29,353.32,0.1,35.33
374,User_374,51,USA,2021-06-06,968.66,0.17,164.67
375,User_375,40,Israel,2021-04-17,796.49,0.15,119.47
376,User_376,38,France,2023-06-08,685.24,0.07,47.97
377,User_377,29,India,2020-06-01,48.48,0.17,8.24
378,NaN,63,India,2022-12-12,855.84,0.08,68.47
379,User_379,52,Japan,2023-04-21,330.45,0.05,16.52
380,User_380,63,Canada,2023-05-10,820.62,0.15,123.09
381,User_381,44,Germany,2022-12-18,,0.17,8.61
382,User_382,45,Japan,2024-04-15,369.16,0.17,62.76
383,User_383,58,Israel,2022-09-08,721.46,0.1,72.15
384,User_384,39,Japan,2020-10-08,781.33,0.12,93.76
385,User_385,59,Canada,2022-02-06,831.83,0.14,116.46
386,User_386,53,Canada,2024-02-01,648.36,0.06,38.9
387,User_387,64,UK,2024-08-31,290.02,0.15,43.5
388,User_388,26,USA,2021-02-10,552.46,0.07,38.67
389,User_389,49,Israel,2021-06-24,876.95,0.04,35.08
390,User_390,53,UK,2023-11-11,418.09,0.13,54.35
391,User_391,37,Japan,2024-03-19,977.15,0.1,97.72
392,User_392,39,Japan,2023-07-16,371.14,0.14,51.96
393,User_393,56,Canada,2023-01-21,793.69,0.08,63.5
394,User_394,52,India,2020-06-22,202.55,0.05,10.13
395,User_395,27,India,2024-02-29,23.67,0.15,3.55
396,User_396,36,India,2020-12-07,219.83,0.17,37.37
397,User_397,64,Israel,2021-01-23,188.03,0.05,9.4
398,User_398,42,Germany,2020-11-16,82.94,0.07,5.81
399,User_399,41,UK,2024-10-11,439.42,0.09,39.55
400,User_400,30,France,2024-10-17,625.35,0.08,50.03
401,User_401,24,India,2024-05-02,653.26,0.1,65.33
402,User_402,65,UK,2023-10-05,922.47,0.05,46.12
403,User_403,35,India,2024-05-23,241.86,0.11,26.6
404,User_404,43,France,2021-03-21,696.3,0.06,41.78
405,User_405,36,France,2024-08-16,47.66,0.5,23.83
406,User_406,22,USA,2021-01-13,888.42,0.16,142.15
407,User_407,60,Israel,2022-10-24,590.23,0.15,88.53
408,User_408,52,Germany,2022-09-19,804.77,0.06,48.29
409,User_409,28,France,2024-09-28,648.9,0.11,71.38
410,User_410,19,India,2021-05-22,16.91,0.1,1.69
411,User_411,NaN,Canada,2021-11-24,947.56,0.1,94.76
412,User_412,67,India,2024-07-05,898.33,0.09,80.85
413,User_413,20,Israel,2023-02-22,14.2,0.17,2.41
414,User_414,66,Israel,2022-04-20,620.76,0.12,74.49
415,User_415,61,UK,2022-06-13,442.66,0.17,75.25
416,User_416,49,USA,2022-08-28,546.39,0.11,60.1
417,User_417,58,France,2023-05-24,676.34,0.09,60.87
418,User_418,29,India,2020-06-16,705.82,0.17,119.99
419,User_419,62,Canada,2020-08-24,501.63,0.13,65.21
420,User_420,43,Japan,2022-04-16,95.79,0.07,6.71
421,User_421,57,Canada,2024-06-09,881.79,0.12,105.81
422,User_422,30,India,2021-10-07,99.39,0.1,9.94
423,User_423,67,USA,2020-12-27,260.71,0.04,10.43
424,User_424,38,India,2020-09-11,237.26,0.08,18.98
425,User_425,46,Canada,2022-05-20,910.7,0.06,54.64
426,User_426,35,Canada,2022-06-11,213.22,0.16,34.12
273,User_273,56,UK,2020-06-10,965.61,0.11,106.22
428,User_428,26,UK,2020-07-14,157.23,0.17,26.73
429,User_429,N/A,Canada,2024-10-06,979.54,0.05,48.98
430,User_430,33,Canada,2020-04-08,950.44,0.11,104.55
431,User_431,69,USA,2022-12-05,139.6,0.05,6.98
432,User_432,25,Germany,2023-10-08,235.33,0.06,14.12
433,User_433,41,Canada,2020-02-29,599.03,0.16,95.84
434,User_434,37,Japan,2022-03-27,13.49,0.1,1.35
435,User_435,64,France,2024-06-28,215.37,0.17,36.61
436,User_436,26,France,2023-03-03,100.15,0.18,18.03
437,User_437,51,Japan,2024-04-29,166.18,0.04,6.65
438,User_438,25,UK,2021-05-11,424.43,0.17,72.15
439,User_439,29,Germany,2023-11-04,943.84,0.09,84.95
308,User_308,55,Israel,2024-08-03,61.83,0.16,9.89
441,User_441,54,Japan,2021-04-11,44.9,0.04,1.8
442,User_442,26,Canada,2024-05-11,628.57,0.17,106.86
443,User_443,52,UK,2022-09-06,333.99,0.18,60.12
444,User_444,59,India,2020-02-24,-50.5,0.1,-5.05
445,User_445,38,Israel,2021-07-17,-50.5,0.08,-4.04
446,User_446,36,India,2024-09-29,431.76,0.09,38.86
447,User_447,47,USA,2021-06-23,208.23,0.07,14.58
448,User_448,41,Israel,2022-02-09,458.38,0.13,59.59
449,User_449,26,UK,2020-05-27,336.15,0.06,20.17
450,User_450,23,Germany,2020-07-11,356.27,0.1,35.63
451,User_451,18,Canada,2021-08-30,820.07,0.08,65.61
452,User_452,70,Germany,2020-03-28,170.55,0.12,20.47
453,User_453,51,Germany,2020-09-26,803.96,0.08,64.32
454,User_454,43,France,2024-08-10,936.05,0.08,74.88
455,User_455,38,India,2020-07-05,810.2,0.08,64.82
456,User_456,18,Japan,2022-03-04,313.09,0.1,31.31
457,User_457,44,USA,2020-07-07,783.06,0.17,133.12
458,User_458,61,UK,2021-07-02,206.69,0.16,33.07
459,User_459,50,Canada,2020-10-05,293.16,0.13,38.11
460,User_460,36,Canada,2020-08-21,805.31,0.14,112.74
461,User_461,18,India,2020-06-14,271.49,0.04,10.86
462,User_462,42,Canada,2022-10-10,42.4,0.06,2.54
463,User_463,50,Canada,2022-10-24,369.46,0.06,22.17
464,User_464,65,France,2021-11-08,823.34,0.08,65.87
465,User_465,41,Canada,2022-01-04,456.32,0.15,68.45
466,User_466,58,France,2020-11-23,603.02,0.06,36.18
467,User_467,35,USA,2020-10-02,58.33,0.08,4.67
468,User_468,18,Israel,2023-02-17,750.87,0.04,30.03
469,User_469,70,Canada,2023-05-10,182.93,0.07,12.81
470,User_470,28,Japan,2023-12-22,358.26,0.15,53.74
471,User_471,64,USA,2022-12-28,521.28,0.07,36.49
472,User_472,45,Canada,2024-01-27,669.9,0.15,100.48
473,User_473,26,Canada,2022-02-11,712.13,0.1,71.21
474,User_474,59,Israel,2020-05-11,14.54,0.15,2.18
475,User_475,66,,2021-11-16,610.07,0.07,42.7
476,User_476,60,Canada,2022-12-12,882.45,1.0,882.45
92,User_92,24,Israel,2023-08-29,650.02,0.12,78.0
478,User_478,30,UK,2020-02-19,646.97,0.09,58.23
479,User_479,36,USA,2022-06-24,134.85,0.13,17.53
480,User_480,61,Japan,2023-08-20,938.21,0.1,93.82
481,User_481,68,Canada,2024-11-29,867.55,0.08,69.4
482,User_482,63,India,2023-01-11,333.01,0.09,29.97
483,User_483,24,Germany,2020-06-05,587.96,0.16,94.07
484,User_484,41,USA,2023-06-12,517.08,0.04,20.68
485,User_485,37,Israel,2022-10-06,589.29,0.08,47.14
486,User_486,34,Japan,2023-01-18,644.38,0.16,103.1
487,User_487,23,USA,2023-10-12,335.66,0.13,43.64
488,User_488,48,Canada,2022-10-24,623.72,0.14,87.32
489,User_489,55,Germany,2021-12-14,460.81,0.09,41.47
490,User_490,37,Japan,2024-04-26,350.48,0.09,31.54
491,User_491,33,France,2021-05-17,992.97,0.11,109.23
492,User_492,31,Israel,2022-01-11,944.27,0.12,113.31
493,User_493,59,France,2024-11-26,125.3,?,18.79
494,User_494,49,Israel,2023-12-27,946.8,0.12,113.62
495,User_495,35,UK,2023-09-05,983.59,0.17,167.21
496,User_496,56,USA,2021-06-27,894.03,0.06,53.64
497,User_497,64,Israel,2020-12-22,752.45,0.16,120.39
218,User_218,22,Germany,2020-10-21,402.56,0.04,16.1
499,User_499,29,Canada,2022-01-16,659.12,0.05,32.96
500,User_500,24,Germany,2020-08-25,904.24,0.09,81.38
501,User_501,32,Israel,2023-07-01,959.6,0.12,115.15
502,User_502,57,USA,2021-05-03,46.35,0.13,6.03
503,User_503,18,Japan,2023-01-10,809.55,0.05,40.48
504,User_504,38,Japan,2021-10-04,17.21,0.15,2.58
505,User_505,22,Canada,2024-11-22,438.41,0.16,70.15
506,User_506,24,Germany,2022-03-16,570.23,0.15,85.53
507,User_507,43,India,2020-11-28,200.73,0.07,14.05
508,User_508,20,UK,2021-05-23,392.03,0.13,50.96
509,User_509,43,Japan,2021-05-07,703.95,0.08,56.32
510,User_510,63,India,2023-01-02,930.37,0.09,83.73
511,User_511,19,India,2022-01-20,169.79,0.16,27.17
512,User_512,46,USA,2022-04-19,832.97,0.05,41.65
513,User_513,34,Canada,2020-10-07,668.16,0.07,46.77
514,User_514,49,USA,2023-01-18,580.81,0.12,69.7
515,User_515,24,France,2022-05-07,840.03,0.08,67.2
516,User_516,28,USA,2020-02-21,233.83,0.14,32.74
517,User_517,51,USA,2020-09-23,939.64,0.05,46.98
518,User_518,56,Japan,2024-09-19,422.62,0.11,46.49
519,User_519,33,France,2021-12-16,798.12,0.18,143.66
520,User_520,34,UK,2020-08-06,563.73,0.06,33.82
521,User_521,59,Israel,2021-06-15,349.67,0.08,27.97
522,User_522,54,Israel,2020-01-25,437.08,0.1,43.71
523,User_523,31,Canada,2022-06-17,761.98,0.08,60.96
524,User_524,58,Israel,2020-12-18,20000,0.06,1200.0
525,User_525,46,India,2021-02-25,412.73,0.08,33.02
526,User_526,31,Israel,2023-05-22,696.94,0.13,90.6
527,User_527,30,France,2022-11-17,841.99,0.16,134.72
528,User_528,43,Germany,2021-11-03,11.21,0.18,2.02
529,User_529,66,Canada,2022-05-14,781.19,0.17,132.8
530,User_530,58,France,2020-03-22,286.04,0.07,20.02
531,User_531,55,India,2023-09-01,181.4,0.09,16.33
532,User_532,45,Israel,2021-07-26,608.68,0.1,60.87
533,User_533,40,Israel,2022-04-17,571.39,0.04,22.86
534,User_534,49,France,2024-09-13,804.8,0.06,48.29
535,User_535,38,Canada,2021-12-09,419.81,0.05,20.99
536,User_536,67,Israel,2023-01-19,455.04,0.06,27.3
537,User_537,62,Canada,2022-11-23,101.07,0.04,4.04
403,User_403,35,India,2024-05-23,241.86,0.11,26.6
539,User_539,64,USA,2024-01-31,62.75,0.08,5.02
540,User_540,24,India,2024-07-29,245.27,0.08,19.62
541,User_541,40,Israel,2023-03-23,618.04,0.07,43.26
542,User_542,45,India,2022-09-29,482.47,?,19.3
543,User_543,-5,Israel,2024-06-30,726.13,0.16,116.18
544,User_544,49,India,2022-04-24,307.94,0.1,30.79
545,User_545,70,India,2024-05-19,220.66,0.07,15.45
546,User_546,53,UK,2023-09-24,283.41,0.07,19.84
547,User_547,38,UK,2024-04-09,715.03,0.17,121.56
548,User_548,50,India,2023-01-15,888.85,0.15,133.33
549,User_549,27,USA,2024-11-06,610.96,0.11,67.21
550,User_550,47,UK,2024-06-19,13.4,0.09,1.21
551,User_551,67,Germany,2020-09-15,903.29,0.11,99.36
552,User_552,36,India,NaN,843.55,0.17,143.4
553,User_553,67,France,2023-08-09,201.96,0.09,18.18
554,User_554,33,Japan,2020-01-05,348.33,0.05,17.42
555,User_555,67,India,2024-03-10,-50.5,0.07,-3.54
556,User_556,24,Japan,2020-09-05,711.75,0.15,106.76
557,User_557,56,Japan,2020-05-01,122.95,0.18,22.13
558,User_558,53,India,2024-10-07,627.52,0.08,50.2
559,User_559,35,Canada,2020-01-17,35.67,0.16,5.71
560,User_560,52,India,2022-06-26,784.12,0.06,47.05
217,User_217,27,France,,923.65,0.16,147.78
562,User_562,55,Israel,2024-01-04,309.09,0.17,52.55
563,User_563,65,Japan,2020-05-19,102.93,0.15,15.44
564,User_564,54,India,20220302,103.43,0.13,13.45
565,User_565,21,India,2020-01-26,157.76,0.14,22.09
566,User_566,51,Israel,2022-06-11,186.85,0.12,22.42
567,User_567,45,USA,2023-02-20,622.33,0.08,49.79
568,User_568,59,Israel,2020-12-03,998.96,0.1,99.9
569,User_569,34,Japan,2021-08-12,696.34,0.08,55.71
570,User_570,31,USA,2021-11-30,618.38,0.1,61.84
571,User_571,46,Canada,2023-02-11,953.05,0.07,66.71
572,User_572,21,Germany,2024-07-22,769.39,0.17,130.8
573,User_573,29,UK,2023-06-03,192.51,0.09,17.33
574,User_574,43,USA,2023-03-17,430.41,0.15,64.56
575,User_575,51,France,2020-12-23,799.71,0.14,111.96
576,User_576,62,USA,2023-01-05,744.78,0.17,126.61
577,User_577,66,UK,2023-08-21,563.73,0.05,28.19
578,User_578,60,Canada,2021-07-10,242.11,0.09,21.79
579,User_579,70,Japan,2023-06-02,974.05,0.13,126.63
580,User_580,28,UK,2020-10-06,577.3,0.1,57.73
581,User_581,49,Germany,2022-05-08,201.62,0.09,18.15
582,User_582,53,UK,2022-06-07,267.73,0.1,26.77
583,User_583,57,Canada,2021-08-11,973.22,0.1,97.32
584,User_584,62,Israel,2024-05-31,797.62,0.1,79.76
585,User_585,42,India,2021-12-19,53.98,0.1,5.4
586,User_586,22,USA,2023-07-14,523.55,0.07,36.65
587,User_587,37,France,2021-01-11,267.85,0.1,26.79
588,User_588,62,UK,2023-07-14,574.02,0.07,40.18
589,User_589,35,Israel,2023-06-15,119.89,0.07,8.39
590,User_590,21,Japan,2023-12-13,216.67,0.12,26.0
591,User_591,-5,USA,2024-01-22,426.15,0.06,25.57
592,User_592,N/A,Israel,2024-05-19,139.95,0.13,18.19
593,User_593,31,Germany,2024-02-16,670.47,0.06,40.23
594,User_594,67,India,2023-09-21,910.42,0.18,163.88
595,User_595,67,Canada,2022-03-25,257.46,0.13,33.47
596,User_596,22,Japan,2024-09-20,363.28,0.15,54.49
597,User_597,63,India,2023-03-18,353.76,0.12,42.45
598,User_598,49,UK,2020-10-26,746.1,0.18,134.3
599,User_599,25,Canada,2022-12-05,302.04,0.08,24.16
390,User_390,53,UK,2023-11-11,418.09,0.13,54.35
601,User_601,18,Israel,2024-07-03,53.52,0.13,6.96
602,User_602,26,USA,2024-05-06,522.61,0.11,57.49
603,User_603,24,Israel,2023-08-06,234.39,0.15,35.16
604,User_604,37,Japan,2022-01-27,755.83,0.07,52.91
605,User_605,50,UK,2021-02-17,908.64,0.17,154.47
606,User_606,22,USA,2020-06-06,509.99,0.07,35.7
607,User_607,55,Israel,2022-05-04,307.67,0.08,24.61
608,User_608,46,UK,2020-06-12,839.04,0.17,142.64
609,User_609,47,USA,2024-09-13,37.3,0.07,2.61
610,User_610,47,UK,2020-06-10,984.15,0.17,167.31
611,User_611,48,USA,2021-04-15,110.35,0.09,9.93
612,User_612,23,Japan,2024-08-18,506.99,0.08,40.56
613,NaN,52,Germany,2024-09-24,85.92,0.12,10.31
614,User_614,39,USA,2020-03-18,335.74,0.13,43.65
615,User_615,39,USA,2022-06-04,739.24,0.16,118.28
616,User_616,30,Canada,2024-09-10,490.4,0.11,53.94
617,User_617,50,Japan,2024-05-15,707.7,0.17,120.31
618,User_618,48,Canada,2020-06-30,626.95,0.04,25.08
619,User_619,39,India,2020-05-31,239.27,0.1,23.93
620,User_620,36,Germany,2022-08-17,472.15,0.1,47.22
621,User_621,55,Japan,2020-09-04,635.37,0.09,57.18
622,User_622,33,Canada,2024-11-19,86.06,0.08,6.88
623,User_623,47,Israel,2020-04-11,83.41,0.07,5.84
624,User_624,51,France,2021-12-19,26.86,0.06,1.61
625,User_625,19,Israel,2021-11-13,971.05,0.12,116.53
626,User_626,57,USA,2024-03-26,809.22,0.07,56.65
627,User_627,40,USA,2021-07-09,440.39,0.09,39.64
628,User_628,41,France,2023-10-21,284.01,0.11,31.24
629,User_629,57,India,2021-12-07,301.88,0.1,30.19
630,User_630,33,Japan,2022-10-27,827.66,0.06,49.66
631,User_631,23,Japan,2021-06-24,325.74,0.15,48.86
632,User_632,24,India,2023-04-04,277.55,0.18,49.96
633,User_633,40,UK,2023-02-10,112.9,0.15,16.93
634,User_634,53,UK,2020-07-23,994.06,0.06,59.64
635,User_635,40,Israel,2024-05-18,536.79,0.05,26.84
636,User_636,70,Germany,2023-08-31,629.79,0.1,62.98
637,User_637,31,Germany,2022-08-22,390.8,0.05,19.54
638,User_638,38,USA,2021-06-20,-50.5,0.1,-5.05
639,User_639,66,Israel,2020-03-21,873.93,0.13,113.61
640,User_640,66,Israel,2020-01-11,225.51,0.05,11.28
641,User_641,51,Germany,2021-02-27,93.77,0.14,13.13
642,User_642,37,USA,2021-02-12,206.39,1.0,206.39
643,User_643,45,Canada,2022-06-04,449.19,0.13,58.39
644,User_644,33,Canada,2024-01-20,698.22,0.15,104.73
645,User_645,55,France,2023-10-23,602.71,0.06,36.16
646,User_646,35,,2022-09-28,636.27,0.15,95.44
647,User_647,32,Israel,2024-02-29,392.86,0.15,58.93
648,User_648,36,UK,2023-05-16,769.37,0.16,123.1
649,User_649,59,Israel,2023-08-07,524.49,0.08,41.96
650,User_650,43,UK,2023-09-10,363.8,0.06,21.83
651,User_651,47,Canada,2024-10-22,898.56,0.11,98.84
652,User_652,25,Israel,2021-06-20,722.58,0.12,86.71
653,User_653,62,USA,2022-07-28,278.73,0.15,41.81
654,User_654,29,USA,2020-10-18,778.29,0.13,101.18
655,User_655,67,Germany,2024-05-14,923.94,0.05,46.2
656,User_656,21,India,2021-03-24,44.37,0.13,5.77
657,User_657,31,Canada,2020-06-09,527.15,0.15,79.07
658,User_658,18,USA,2023-04-18,102.09,0.05,5.1
659,User_659,55,USA,2022-03-05,228.52,0.06,13.71
660,User_660,26,USA,2023-07-24,649.12,0.12,77.89
661,User_661,29,Japan,2023-02-01,607.14,0.16,97.14
662,User_662,29,Canada,,577.03,0.12,69.24
663,User_663,41,Canada,2022-08-06,235.35,0.15,35.3
664,User_664,30,India,2023-06-25,223.37,0.09,20.1
665,User_665,43,UK,2023-03-31,300.33,0.07,21.02
666,User_666,54,India,2022-04-10,682.91,0.14,95.61
667,User_667,61,Japan,2021-09-21,502.03,0.08,40.16
668,User_668,52,Israel,2024-02-11,210.5,0.05,10.53
669,User_669,63,France,2024-09-24,178.91,0.17,30.41
670,User_670,48,Israel,2021-09-22,564.33,0.05,28.22
671,User_671,24,France,2022-06-10,548.62,0.09,49.38
672,User_672,30,Canada,2020-10-30,958.48,0.11,105.43
673,User_673,42,Israel,2024-10-24,error,0.14,89.56
674,User_674,66,Canada,2021-11-08,605.36,0.13,78.7
675,User_675,22,India,2022-11-01,927.25,0.12,111.27
676,User_676,25,India,2020-05-19,510.85,0.09,45.98
677,User_677,37,India,2021-03-24,734.87,0.09,66.14
678,User_678,57,India,2022-08-30,913.6,0.08,73.09
679,User_679,67,Canada,2021-08-05,165.45,0.09,14.89
680,User_680,18,USA,2020-12-25,224.33,0.13,29.16
681,User_681,56,Germany,2024-06-14,702.68,0.15,105.4
682,User_682,64,Israel,2023-02-23,269.02,0.06,16.14
683,User_683,61,Japan,2020-11-14,146.39,0.04,5.86
684,User_684,19,India,2023-10-20,458.25,0.06,27.49
685,User_685,45,Canada,2024-11-27,963.23,0.15,144.48
686,User_686,29,India,2020-08-23,599.19,0.05,29.96
687,User_687,18,Canada,2022-12-13,738.64,0.1,73.86
688,User_688,19,UK,2021-05-29,41.42,0.06,2.49
689,User_689,20,Israel,2023-01-08,253.44,0.07,17.74
690,User_690,52,Canada,2023-07-19,814.68,0.11,89.61
691,User_691,49,Japan,2020-06-15,260.1,0.07,18.21
692,User_692,54,Canada,2020-03-17,964.52,0.07,67.52
693,User_693,25,Canada,NaN,880.14,0.1,88.01
694,User_694,34,UK,2021-12-19,925.59,0.1,92.56
695,User_695,20,UK,2021-03-18,302.61,0.08,24.21
696,User_696,43,Israel,2020-08-27,155.03,0.07,10.85
697,User_697,23,France,2021-08-06,688.92,0.06,41.34
698,User_698,48,UK,2020-12-22,475.02,0.07,33.25
699,User_699,21,Japan,2023-12-22,-50.5,0.12,-6.06
700,User_700,52,USA,2020-07-11,991.63,0.17,168.58
701,User_701,18,UK,2020-02-28,538.84,0.06,32.33
702,User_702,23,USA,2021-03-02,520.41,0.17,88.47
703,User_703,48,Japan,2022-06-23,958.54,0.11,105.44
704,User_704,62,Japan,2024-09-10,98.07,0.17,16.67
705,User_705,58,France,2021-05-25,189.28,0.1,18.93
706,User_706,37,UK,2020-07-19,845.83,0.06,50.75
707,User_707,21,Canada,2023-08-22,445.61,0.15,66.84
708,User_708,60,India,2020-11-12,983.17,0.09,88.49
709,User_709,68,France,2023-11-15,869.17,0.04,34.77
710,User_710,58,France,2023-12-20,20000,0.06,1200.0
711,User_711,33,Canada,2022-05-07,194.41,0.04,7.78
712,User_712,25,UK,2020-07-04,141.71,0.05,7.09
713,User_713,54,Canada,2021-06-03,135.96,0.07,9.52
714,User_714,44,Germany,2021-09-04,396.69,0.13,51.57
715,User_715,53,USA,2022-03-31,69.44,0.07,4.86
716,User_716,28,India,2023-12-30,376.38,0.13,48.93
717,User_717,38,Canada,2022-06-22,479.58,0.08,38.37
718,User_718,57,Japan,2023-09-24,950.44,0.07,66.53
719,User_719,39,Israel,2021-06-17,801.43,0.06,48.09
720,User_720,66,France,2023-11-05,530.27,0.1,53.03
721,User_721,56,France,2020-08-02,40.35,0.09,3.63
722,User_722,54,USA,2022-09-29,931.89,0.17,158.42
723,User_723,70,Germany,2020-11-14,593.48,0.08,47.48
724,User_724,23,Germany,2020-05-17,690.05,0.09,62.1
725,User_725,47,Canada,2024-02-26,700.2,0.18,126.04
726,User_726,46,Canada,2024-09-01,944.38,0.05,47.22
727,User_727,55,Germany,2021-03-24,535.87,0.14,75.02
728,User_728,28,USA,2021-07-21,658.48,0.17,111.94
729,User_729,66,USA,2020-01-20,425.55,0.17,72.34
730,User_730,36,UK,2023-07-29,801.32,0.05,40.07
731,User_731,20,India,2022-09-06,609.31,0.17,103.58
732,User_732,66,Germany,2024-02-06,,0.15,5.03
733,User_733,46,France,2023-06-21,385.76,0.14,54.01
734,User_734,44,France,2023-12-29,673.28,0.08,53.86
735,User_735,56,Germany,2021-06-18,44.82,0.06,2.69
736,User_736,49,Japan,2020-02-14,323.55,0.16,51.77
737,User_737,34,India,2022-08-20,782.96,0.1,78.3
738,User_738,60,Germany,2020-03-26,641.96,0.12,77.04
739,User_739,43,Israel,2023-08-05,276.89,0.14,38.76
740,User_740,66,Israel,2020-04-11,97.32,0.15,14.6
741,User_741,27,USA,2023-12-01,339.7,0.16,54.35
742,User_742,34,Israel,2024-06-25,816.53,0.11,89.82
743,User_743,27,Germany,2023-06-27,65.9,0.1,6.59
744,User_744,26,Germany,2024-02-02,182.76,0.15,27.41
745,User_745,36,France,2021-06-21,523.65,0.12,62.84
746,User_746,60,Israel,2023-09-15,N/A,0.16,91.78
747,User_747,18,UK,2023-02-01,171.58,0.16,27.45
748,User_748,57,UK,2021-02-14,248.61,0.09,22.37
749,User_749,48,Canada,2022-03-26,486.84,0.1,48.68
750,User_750,37,Germany,2023-04-04,798.72,0.07,55.91
751,User_751,48,Japan,2020-10-17,368.24,0.05,18.41
752,User_752,56,India,2021-09-26,77.62,0.07,5.43
753,User_753,22,Japan,2024-04-17,98.95,0.05,4.95
754,User_754,67,USA,2020-12-11,188.52,0.07,13.2
755,User_755,68,USA,2021-06-02,315.84,0.04,12.63
756,User_756,47,France,2024-06-23,857.2,0.11,94.29
81,User_81,40,USA,2023-02-21,763.01,0.09,68.67
758,User_758,31,USA,2024-10-05,831.69,0.13,108.12
759,User_759,66,Israel,2023-10-25,850.46,0.13,110.56
760,User_760,34,France,2020-01-30,507.06,0.04,20.28
761,User_761,65,UK,2020-01-22,115.97,0.08,9.28
762,User_762,35,Canada,2021-02-15,186.84,0.17,31.76
763,User_763,45,USA,2022-07-13,132.07,0.18,23.77
764,User_764,19,India,2023-06-27,601.59,0.05,30.08
765,User_765,21,Canada,2021-09-27,824.6,N/A,82.46
766,User_766,33,India,2022-01-14,460.3,0.14,64.44
767,User_767,58,India,2020-02-22,870.35,0.06,52.22
768,User_768,52,Germany,2022-03-18,89.2,0.08,7.14
769,User_769,47,India,2022-11-04,55.61,0.16,8.9
770,User_770,20,Germany,2024-06-12,587.69,0.08,47.02
771,User_771,45,Germany,2022-09-26,706.32,0.07,49.44
772,User_772,37,USA,2023-01-22,879.76,1.0,879.76
773,User_773,46,Japan,2022-04-04,613.36,0.12,73.6
774,User_774,34,Canada,2020-01-28,572.25,0.09,51.5
775,User_775,31,Canada,2020-03-29,12.98,0.14,1.82
776,User_776,69,France,2023-05-09,387.49,0.1,38.75
777,User_777,51,Japan,2020-01-28,922.78,0.18,166.1
778,User_778,46,Canada,2020-02-13,817.82,0.08,65.43
779,User_779,22,UK,2020-07-28,684.79,0.11,75.33
780,User_780,62,UK,2023-11-16,555.36,0.11,61.09
15,User_15,18,Germany,2022-04-08,796.1,0.09,71.65
782,User_782,53,France,2023-09-17,55.52,0.05,2.78
783,User_783,39,Japan,2020-10-23,291.5,0.04,11.66
784,User_784,56,Israel,2024-08-17,183.01,0.07,12.81
785,User_785,62,USA,2021-06-10,629.22,0.11,69.21
786,User_786,39,France,2021-01-15,986.28,0.18,177.53
787,User_787,23,Germany,2024-05-10,419.16,0.16,67.07
788,User_788,68,Germany,2021-12-07,486.51,0.11,53.52
789,User_789,46,Israel,2023-04-01,960.73,0.05,48.04
790,User_790,60,UK,2020-01-12,178.6,0.05,8.93
791,User_791,47,India,2021-05-20,396.88,0.09,35.72
487,User_487,23,USA,2023-10-12,335.66,0.13,43.64
793,User_793,29,Japan,2022-11-12,973.44,0.14,136.28
794,User_794,54,USA,2023-03-03,571.32,0.13,74.27
795,User_795,70,USA,2020-02-13,531.22,0.14,74.37
796,User_796,24,France,2022-08-03,956.47,0.11,105.21
797,User_797,43,Germany,2020-11-04,,0.17,54.51
110,User_110,65,USA,2021-09-14,916.65,0.06,55.0
799,User_799,70,France,2024-01-14,369.62,0.13,48.05
800,User_800,66,Japan,2022-07-03,489.65,0.08,39.17
801,User_801,25,France,2023-11-21,928.86,0.08,74.31
802,User_802,56,Israel,2024-08-27,695.7,0.11,76.53
803,User_803,999,India,2023-11-11,576.75,0.15,86.51
804,User_804,37,India,2020-11-01,493.18,0.08,39.45
805,User_805,23,Japan,2021-04-20,100.45,0.14,14.06
806,User_806,69,Canada,2022-11-09,240.12,0.12,28.81
807,User_807,30,USA,2022-10-31,266.59,0.1,26.66
808,User_808,45,Canada,2021-04-17,499.46,0.07,34.96
809,User_809,21,France,2020-01-01,NaN,0.09,nan
810,User_810,58,USA,2020-05-14,27.84,0.11,3.06
811,User_811,48,Canada,2024-08-20,526.88,0.13,68.49
812,User_812,56,Germany,2022-02-13,842.18,0.07,58.95
813,User_813,22,Germany,2020-12-13,329.25,0.05,16.46
814,User_814,50,India,2022-04-13,566.4,0.04,22.66
815,User_815,41,France,2024-09-29,133.07,0.14,18.63
816,User_816,23,India,2023-06-25,485.56,0.04,19.42
817,User_817,58,Japan,2021-06-24,193.91,0.04,7.76
818,User_818,66,Israel,2024-09-09,306.92,0.12,36.83
819,User_819,61,Canada,2022-01-24,853.28,0.17,145.06
820,User_820,50,France,2021-06-03,685.45,0.16,109.67
821,User_821,23,India,2020-07-09,292.24,0.04,11.69
822,User_822,37,Germany,2023-08-11,486.74,0.09,43.81
67,User_67,42,Israel,2020-11-17,22.06,0.17,3.75
824,User_824,30,India,2022-02-16,372.24,0.17,63.28
825,User_825,42,USA,2020-02-20,629.35,0.09,56.64
826,User_826,64,USA,2023-10-05,265.74,0.08,21.26
827,User_827,46,UK,2021-02-28,224.59,0.07,15.72
828,User_828,28,India,2020-10-11,449.61,0.11,49.46
829,User_829,68,Japan,2023-08-11,167.29,0.15,25.09
830,User_830,50,India,2020-01-23,910.36,0.08,72.83
831,User_831,34,Germany,2021-09-06,383.48,0.13,49.85
832,User_832,44,Japan,2021-10-16,859.49,0.1,85.95
833,User_833,53,Israel,2022-04-19,47.6,0.1,4.76
834,User_834,53,India,2024-06-02,831.87,0.11,91.51
835,User_835,54,UK,2020-09-24,889.01,1.0,889.01
836,User_836,64,France,2023-03-19,717.56,0.16,114.81
837,User_837,48,Israel,2023-03-09,743.71,0.13,96.68
838,User_838,37,Germany,2022-06-28,280.26,0.16,44.84
839,User_839,44,India,2022-03-17,404.89,0.15,60.73
840,User_840,68,Israel,2020-04-06,20000,0.17,3400.0
841,User_841,51,India,2020-11-16,621.33,0.14,86.99
842,User_842,62,Japan,2022-07-21,692.24,0.14,96.91
843,User_843,38,Canada,2023-03-28,133.13,0.17,22.63
844,User_844,18,Germany,2023-06-14,900.2,0.16,144.03
845,User_845,N/A,Japan,2023-08-14,677.31,0.1,67.73
846,User_846,38,UK,2023-03-13,425.53,0.15,63.83
847,User_847,22,USA,2024-03-23,906.95,0.11,99.76
848,User_848,38,Israel,2020-01-08,295.0,0.17,50.15
849,User_849,21,Canada,2022-12-07,399.27,0.05,19.96
850,User_850,33,Germany,2020-07-21,484.19,0.1,48.42
851,User_851,47,UK,2021-05-06,error,0.07,48.98
852,User_852,43,France,,38.99,0.11,4.29
853,User_853,43,France,2020-02-03,399.66,0.13,51.96
854,User_854,34,Israel,2020-11-03,534.86,0.15,80.23
855,User_855,67,France,2023-07-25,894.08,0.13,116.23
856,User_856,18,Germany,2021-10-08,377.4,0.09,33.97
857,User_857,56,Canada,2021-09-21,776.92,0.1,77.69
858,User_858,18,USA,2020-12-21,69.01,0.06,4.14
859,User_859,70,USA,2024-01-19,171.36,0.15,25.7
860,User_860,18,India,2021-09-12,684.84,0.16,109.57
861,User_861,39,Canada,2022-04-13,130.52,0.15,19.58
862,User_862,51,USA,2022-05-21,22.59,0.06,1.36
863,User_863,34,Japan,2021-03-02,602.21,0.16,96.35
864,User_864,64,France,2021-11-19,750.51,0.14,105.07
865,User_865,59,France,2020-07-02,415.16,0.04,16.61
866,User_866,50,Germany,2024-07-23,660.33,0.1,66.03
867,User_867,40,UK,2020-10-05,654.87,0.05,32.74
868,User_868,45,Israel,2024-08-19,564.03,0.06,33.84
869,User_869,51,France,2024-05-10,60.19,0.13,7.82
870,User_870,45,USA,2022-02-01,734.59,0.17,124.88
871,User_871,25,India,2022-07-26,,0.07,28.6
872,User_872,35,France,2024-04-27,898.61,0.08,71.89
873,User_873,22,Canada,2023-04-11,893.47,0.15,134.02
874,User_874,42,Israel,2023-02-09,194.83,0.12,23.38
875,User_875,29,Canada,2022-06-22,20000,0.08,1600.0
876,User_876,42,UK,2024-05-08,208.01,0.16,33.28
877,User_877,25,USA,2023-01-20,635.35,N/A,69.89
878,User_878,42,Japan,2020-05-22,914.1,0.12,109.69
879,User_879,44,UK,2022-09-16,213.18,0.13,27.71
880,User_880,N/A,France,2020-04-16,320.37,0.12,38.44
881,User_881,24,USA,2023-11-28,787.08,0.11,86.58
882,User_882,42,Japan,2020-01-31,984.99,0.06,59.1
883,User_883,26,UK,2023-07-27,582.71,0.14,81.58
884,User_884,60,USA,2022-04-29,456.82,0.14,63.95
885,User_885,25,USA,2021-07-11,687.26,0.07,48.11
886,User_886,47,Germany,2020-11-14,958.42,0.06,57.51
887,User_887,67,Japan,2024-06-22,798.48,0.08,63.88
888,User_888,32,Israel,2022-08-25,128.1,0.16,20.5
889,User_889,38,Germany,2021-09-12,962.75,0.16,154.04
890,User_890,22,UK,2022-10-21,941.21,error,47.06
891,User_891,43,Japan,2023-06-29,330.13,0.06,19.81
892,User_892,28,Japan,2024-03-08,507.13,0.05,25.36
893,User_893,26,USA,2024-08-23,789.35,0.06,47.36
894,User_894,51,Canada,NaN,117.07,0.15,17.56
895,User_895,49,UK,2020-09-28,136.44,0.11,15.01
896,User_896,35,France,2020-10-27,297.32,0.13,38.65
897,User_897,27,USA,2022-11-14,229.7,0.16,36.75
898,User_898,54,Japan,2020-05-10,646.14,0.08,51.69
899,User_899,52,France,2024-07-10,857.3,0.09,77.16
900,User_900,43,Israel,2020-08-31,571.39,0.16,91.42
901,User_901,18,USA,2021-08-26,58.16,0.12,6.98
902,User_902,51,India,2024-09-16,691.88,0.13,89.94
903,User_903,19,USA,2024-02-26,522.77,0.07,36.59
904,User_904,52,India,2021-06-25,257.88,0.05,12.89
905,User_905,35,Canada,2021-09-19,802.59,0.18,144.47
906,User_906,38,UK,2024-06-29,260.96,0.16,41.75
907,User_907,54,USA,2023-05-22,40.36,0.07,2.83
908,User_908,63,France,2021-11-17,914.16,0.17,155.41
909,User_909,57,USA,2022-01-07,747.06,0.05,37.35
910,User_910,41,Germany,2020-12-22,780.88,0.12,93.71
911,User_911,19,India,2023-07-09,281.63,0.12,33.8
912,User_912,61,Israel,2023-02-08,591.6,0.06,35.5
913,User_913,24,Germany,2024-03-03,62.4,0.11,6.86
914,User_914,36,Israel,2024-10-18,708.91,0.11,77.98
590,User_590,21,Japan,2023-12-13,216.67,0.12,26.0
916,User_916,60,Israel,2020-12-27,151.52,0.08,12.12
917,User_917,45,France,2023-07-24,998.7,0.1,99.87
918,User_918,35,Israel,2022-06-11,784.69,0.14,109.86
919,User_919,43,France,2022-12-04,960.67,0.08,76.85
920,User_920,63,USA,2020-01-16,278.89,0.16,44.62
921,User_921,68,Japan,2021-10-23,254.14,0.08,20.33
922,User_922,70,UK,2022-04-01,680.05,0.09,61.2
923,User_923,63,UK,2021-05-09,39.64,0.13,5.15
924,User_924,52,Canada,2022-06-18,64.02,0.18,11.52
925,User_925,37,India,2022-08-27,N/A,0.05,15.78
926,User_926,53,UK,2023-10-22,948.93,0.15,142.34
927,User_927,23,Israel,2020-03-16,196.53,0.18,35.38
928,User_928,24,Israel,2024-08-31,872.9,0.18,157.12
929,User_929,27,Canada,2024-03-30,681.35,0.12,81.76
930,User_930,19,UK,2022-04-04,903.6,0.07,63.25
931,NaN,44,Japan,2022-03-29,794.66,0.06,47.68
932,User_932,40,Israel,2024-12-04,441.01,0.15,66.15
933,User_933,59,Israel,2022-04-26,59.87,0.05,2.99
934,User_934,58,Israel,2020-10-10,981.79,0.12,117.81
935,User_935,64,Japan,2020-04-20,263.63,0.15,39.54
936,User_936,51,India,2024-05-19,730.33,0.11,80.34
937,User_937,51,France,2022-04-16,689.41,0.17,117.2
938,User_938,51,UK,2020-01-22,315.66,0.13,41.04
939,User_939,62,Germany,2021-04-29,,0.09,52.07
940,User_940,26,Japan,2022-02-06,146.01,0.05,7.3
941,User_941,30,Germany,2020-10-24,368.14,0.08,29.45
291,User_291,35,USA,2020-07-17,955.07,0.08,76.41
943,User_943,46,Japan,2023-07-08,211.27,0.18,38.03
944,User_944,44,Israel,2023-10-04,406.21,1.0,406.21
945,User_945,56,USA,2024-01-18,908.48,0.1,90.85
946,User_946,24,India,2020-08-21,691.47,0.17,117.55
947,User_947,60,USA,2024-03-27,450.85,0.14,63.12
948,User_948,53,Japan,2023-11-05,787.04,0.07,55.09
949,User_949,32,France,2020-07-16,431.06,0.1,43.11
950,User_950,67,Germany,2024-06-17,246.42,0.15,36.96
951,User_951,70,France,2024-07-08,744.28,0.1,74.43
952,User_952,20,Canada,2021-07-20,559.44,0.14,78.32
953,User_953,26,India,2020-12-21,914.44,0.04,36.58
954,User_954,47,Germany,2024-11-19,433.02,0.13,56.29
955,User_955,27,UK,2021-03-27,764.62,0.11,84.11
956,User_956,25,Canada,2024-11-27,933.24,0.16,149.32
957,User_957,47,USA,2022-11-13,165.31,0.08,13.22
958,User_958,38,India,2023-05-29,466.28,0.16,74.6
959,User_959,51,France,2022-08-01,945.02,0.1,94.5
960,User_960,18,Japan,2020-01-26,629.86,0.14,88.18
961,User_961,40,France,2021-09-21,220.43,0.14,30.86
962,User_962,25,Japan,2024-11-20,919.87,0.04,36.79
963,User_963,41,Germany,2020-08-08,583.89,0.15,87.58
964,User_964,21,UK,2024-08-12,984.93,0.07,68.95
965,User_965,60,Israel,2024-05-08,26.5,0.12,3.18
966,User_966,49,Japan,2023-01-05,707.54,0.1,70.75
967,User_967,61,Germany,2024-08-22,94.98,0.06,5.7
968,User_968,25,Canada,2021-03-15,170.46,0.12,20.46
969,User_969,68,India,2023-08-03,638.08,0.11,70.19
970,User_970,56,Japan,2020-04-30,234.0,0.09,21.06
971,User_971,22,UK,2023-02-10,509.52,0.15,76.43
972,User_972,65,Germany,2022-02-26,375.98,0.08,30.08
973,User_973,52,UK,2021-11-11,841.06,undefined,151.39
974,User_974,53,France,2021-04-30,280.57,0.1,28.06
975,User_975,48,,2022-12-18,39.81,0.17,6.77
976,User_976,51,Germany,2022-02-07,190.78,0.1,19.08
977,User_977,52,India,2024-05-24,242.86,0.09,21.86
978,User_978,31,Israel,2022-04-13,134.49,0.12,16.14
979,User_979,37,India,2023-05-14,453.63,0.06,27.22
980,User_980,44,France,2021-07-08,744.79,0.1,74.48
981,User_981,30,UK,2024-03-12,699.47,0.13,90.93
982,User_982,34,Canada,2024-08-23,618.74,0.08,49.5
983,User_983,25,Germany,2024-06-21,840.02,0.13,109.2
984,User_984,37,Canada,2023-05-23,491.15,0.18,88.41
985,User_985,70,Germany,2020-01-17,242.98,0.07,17.01
986,User_986,68,UK,2021-06-19,150.31,0.1,15.03
987,User_987,41,France,2023-06-06,426.18,0.09,38.36
988,User_988,69,Canada,2021-07-27,982.06,0.06,58.92
989,User_989,70,Canada,2021-01-29,32.23,0.07,2.26
990,User_990,60,Israel,2020-12-30,199.23,0.1,19.92
991,User_991,65,Germany,2024-04-18,759.88,0.14,106.38
992,User_992,53,Israel,2021-08-04,802.73,0.15,120.41
993,User_993,27,Germany,2023-03-11,238.89,0.06,14.33
994,User_994,63,Germany,2021-03-24,196.33,0.06,11.78
198,User_198,45,India,2021-03-31,483.4,0.08,38.67
996,User_996,44,Israel,2021-12-04,418.52,0.07,29.3
997,User_997,44,Germany,2022-05-01,114.73,0.14,16.06
998,User_998,36,Israel,2023-02-20,345.1,0.06,20.71
999,User_999,57,India,2021-02-04,359.77,0.14,50.37
1000,User_1000,46,Japan,2021-08-06,646.61,0.13,84.06
1001,User_1001,63,USA,2021-12-10,855.13,0.06,51.31
1002,User_1002,21,India,2021-05-30,291.3,0.17,49.52
1003,User_1003,20,USA,2024-09-17,290.44,0.13,37.76
1004,User_1004,67,India,2020-06-03,483.21,0.13,62.82
1005,User_1005,44,UK,2021-10-20,248.3,0.13,32.28
1006,User_1006,NaN,France,2024-08-20,792.46,0.08,63.4
1007,User_1007,29,UK,2023-02-07,243.83,0.14,34.14
1008,User_1008,44,France,2024-08-08,493.44,0.1,49.34
1009,User_1009,54,USA,2024-07-06,644.93,0.14,90.29
261,User_261,69,India,2023-07-09,796.88,0.15,119.53
1011,User_1011,21,Canada,2024-09-04,732.04,0.11,80.52
1012,User_1012,18,Canada,2022-03-18,823.52,0.05,41.18
1013,User_1013,64,Japan,2023-09-07,960.82,0.11,105.69
1014,User_1014,54,Canada,2024-06-12,106.76,0.13,13.88
1015,User_1015,65,Canada,2024-01-11,253.63,0.08,20.29
23,User_23,37,France,2021-03-22,572.63,0.05,28.63
1017,User_1017,66,India,2021-03-23,985.56,0.05,49.28
1018,User_1018,63,India,2024-09-24,504.7,0.14,70.66
1019,User_1019,44,Canada,2023-07-18,393.76,0.1,39.38
1020,User_1020,49,NaN,2021-10-23,130.61,0.06,7.84
1021,User_1021,46,USA,2023-01-19,685.98,0.05,34.3
1022,User_1022,65,UK,2021-11-28,959.65,0.12,115.16
1023,User_1023,58,Germany,2022-11-15,578.36,0.05,28.92
1024,User_1024,20,Canada,2021-08-05,927.75,0.1,92.78
1025,User_1025,40,Japan,2023-03-31,347.36,0.18,62.52
1026,User_1026,65,Japan,2024-11-29,error,0.12,68.19
1027,User_1027,54,India,2024-04-20,697.93,0.09,62.81
1028,User_1028,36,France,2021-03-23,290.46,0.06,17.43
1029,User_1029,30,Israel,,267.05,0.15,40.06
1030,User_1030,43,UK,2024-05-06,508.33,0.5,254.16
703,User_703,48,Japan,2022-06-23,958.54,0.11,105.44
1032,User_1032,61,France,2022-05-19,936.28,0.12,112.35
1033,User_1033,47,India,2021-10-23,739.37,0.16,118.3
1034,User_1034,55,France,2020-10-30,785.32,0.07,54.97
1035,User_1035,60,UK,2020-03-13,925.66,0.18,166.62
1036,User_1036,43,Israel,2022-03-04,156.82,0.09,14.11
1037,User_1037,26,Israel,2020-06-23,23.67,0.1,2.37
1038,User_1038,44,Germany,2023-03-03,34.49,0.11,3.79
1039,User_1039,18,India,2021-10-02,23.31,0.1,2.33
1040,User_1040,40,USA,2021-04-12,648.7,0.06,38.92
1041,User_1041,42,Germany,2022-04-02,716.34,0.17,121.78
1042,User_1042,999,Japan,2022-01-13,645.84,0.14,90.42
1043,User_1043,27,Japan,2020-02-09,684.37,0.17,116.34
1044,User_1044,63,USA,2024-08-15,149.64,0.07,10.47
1045,User_1045,66,Canada,2023-10-27,59.77,0.06,3.59
1046,User_1046,49,Israel,2022-04-15,242.89,0.05,12.14
1047,User_1047,44,Japan,2021-08-12,856.05,0.16,136.97
1048,User_1048,69,Canada,2020-04-17,897.5,0.09,80.77
1049,User_1049,56,Japan,2020-07-26,294.74,0.14,41.26
1050,User_1050,48,Israel,2022-02-19,599.32,0.14,83.9
1051,User_1051,66,Israel,NaN,565.85,0.15,84.88
1052,User_1052,58,India,2020-11-14,271.29,0.12,32.55
1053,User_1053,19,USA,2023-07-30,805.96,0.14,112.83
1054,User_1054,55,Germany,2024-10-29,879.58,0.15,131.94
1055,User_1055,57,USA,2020-03-26,495.21,0.05,24.76
1056,User_1056,40,India,2020-03-01,712.9,0.09,64.16
1057,User_1057,57,India,2020-09-29,43.03,0.11,4.73
1058,User_1058,39,France,2020-07-21,954.51,0.08,76.36
1059,User_1059,39,Canada,2024-09-14,266.52,0.15,39.98
1060,User_1060,18,Israel,2020-03-21,942.21,0.15,141.33
1061,User_1061,52,Israel,2021-10-05,407.91,0.11,44.87
1062,User_1062,30,Germany,2023-08-31,476.1,0.11,52.37
1063,User_1063,60,Germany,2023-11-21,380.0,0.15,57.0
1064,User_1064,52,India,2023-04-24,570.29,0.13,74.14
1065,User_1065,50,UK,2024-08-18,648.15,0.07,45.37
1066,User_1066,31,France,2020-08-14,443.06,0.1,44.31
1067,User_1067,29,Canada,2024-01-20,950.21,0.06,57.01
1068,User_1068,18,Germany,2020-11-16,170.61,0.07,11.94
1069,User_1069,37,Canada,2023-10-15,169.41,0.16,27.11
432,User_432,25,Germany,2023-10-08,235.33,0.06,14.12
1071,User_1071,26,Germany,2021-07-31,773.81,0.04,30.95
1072,User_1072,32,India,2021-08-03,670.5,0.12,80.46
1073,User_1073,23,Japan,2022-03-25,774.53,0.07,54.22
1074,User_1074,40,Germany,2023-03-29,882.75,0.15,132.41
1075,User_1075,53,USA,2020-10-04,97.65,0.14,13.67
1076,User_1076,63,USA,2024-02-13,704.02,0.1,70.4
1077,User_1077,23,Germany,2024-06-18,509.22,0.05,25.46
1078,User_1078,67,Canada,2022-02-20,698.29,0.17,118.71
1079,User_1079,57,Canada,2020-05-19,298.22,0.07,20.88
1080,User_1080,29,France,2021-09-21,555.24,0.05,27.76
1081,User_1081,41,Germany,2024-05-04,386.11,0.16,61.78
1082,User_1082,68,France,2023-01-15,816.44,0.06,48.99
1083,User_1083,50,France,2022-07-01,486.13,0.06,29.17
1084,User_1084,36,USA,2023-02-12,754.43,0.07,52.81
1085,User_1085,20,UK,,96.55,0.13,12.55
1086,User_1086,21,France,2024-11-09,23.77,0.17,4.04
1087,User_1087,61,France,2021-10-01,912.39,0.07,63.87
1088,User_1088,18,Canada,2022-08-23,496.56,0.09,44.69
1089,User_1089,67,India,2023-01-20,737.93,0.09,66.41
1090,User_1090,59,UK,2024-09-24,194.8,0.09,17.53
1091,User_1091,32,Germany,2021-09-27,421.95,0.12,50.63
1092,User_1092,70,India,2020-04-20,undefined,0.08,38.17
1093,User_1093,60,USA,2024-04-24,685.75,0.18,123.44
1094,User_1094,31,India,2022-06-24,62.94,0.14,8.81
1095,User_1095,65,France,2023-06-03,90.44,0.11,9.95
1096,User_1096,35,Germany,2020-06-25,550.92,0.12,66.11
1097,User_1097,49,USA,2021-12-01,384.46,0.14,53.82
1098,User_1098,68,UK,2023-11-24,837.2,5.0,4186.0
1099,User_1099,46,France,2020-01-03,878.35,0.15,131.75
1100,User_1100,58,Israel,2021-09-02,131.41,0.15,19.71
1101,User_1101,65,Canada,2021-09-07,457.28,0.05,22.86
1102,User_1102,58,France,2021-05-10,393.46,0.06,23.61
1103,User_1103,31,Germany,2022-01-03,673.03,0.14,94.22
1104,User_1104,65,Israel,2024-06-06,298.9,0.06,17.93
1105,User_1105,68,UK,2020-10-25,231.45,error,30.09
1106,User_1106,29,India,2021-02-19,893.56,0.05,44.68
1107,User_1107,30,UK,2022-02-26,577.14,0.15,86.57
1108,User_1108,26,USA,2021-08-12,167.48,0.08,13.4
1109,User_1109,26,Canada,2024-10-25,783.66,0.18,141.06
1110,User_1110,25,Israel,2020-02-16,453.26,0.04,18.13
1111,User_1111,55,Canada,2020-09-23,20000,0.17,3400.0
1112,User_1112,29,Israel,2022-08-25,658.2,0.07,46.07
1113,User_1113,48,Japan,2020-07-26,156.46,0.12,18.78
1114,User_1114,36,UK,2024-02-04,799.73,0.14,111.96
1115,User_1115,51,India,2022-11-23,627.76,0.04,25.11
1116,User_1116,44,Germany,2021-11-10,315.03,0.16,50.4
1117,User_1117,46,India,2022-05-16,919.98,0.08,73.6
247,User_247,39,Canada,2023-06-17,730.2,0.12,87.62
1119,User_1119,67,Canada,2020-08-14,322.39,0.1,32.24
1120,User_1120,43,Canada,2021-06-19,607.66,0.17,103.3
1121,User_1121,48,Israel,2023-05-23,148.19,0.07,10.37
1122,User_1122,29,Japan,2021-09-21,726.71,0.17,123.54
1123,User_1123,45,India,2024-07-25,384.14,0.12,46.1
1124,User_1124,63,USA,2020-08-14,-50.5,0.15,-7.57
1125,User_1125,28,Israel,2021-01-07,873.97,0.18,157.31
1126,User_1126,37,UK,2023-07-09,661.56,0.1,66.16
1127,User_1127,65,Japan,2023-01-15,201.69,0.06,12.1
1128,User_1128,67,Japan,2023-08-22,853.85,0.06,51.23
1129,User_1129,24,USA,2021-11-04,635.34,0.18,114.36
1130,NaN,32,Canada,2023-11-01,888.24,0.07,62.18
1131,User_1131,32,USA,2021-01-07,968.92,0.11,106.58
1132,User_1132,48,France,2020-07-21,545.09,0.14,76.31
1133,User_1133,30,Germany,2020-01-28,382.31,0.11,42.05
1134,User_1134,70,Japan,2020-12-30,568.74,0.07,39.81
1135,User_1135,39,India,2023-11-19,411.56,0.13,53.5
1136,User_1136,70,Canada,2024-02-06,383.53,0.14,53.69
1137,User_1137,NaN,USA,2021-08-17,566.79,0.05,28.34
1138,User_1138,18,Germany,2020-11-26,297.26,0.15,44.59
1139,User_1139,41,USA,2023-12-14,439.4,0.09,39.55
1140,User_1140,25,France,2020-12-24,907.04,0.04,36.28
1141,User_1141,28,India,2023-02-18,912.64,0.17,155.15
1142,User_1142,58,Canada,2024-06-16,427.79,0.1,42.78
1143,User_1143,68,France,2023-11-01,16.21,0.09,1.46
1144,User_1144,52,France,2023-02-02,775.0,0.06,46.5
1145,User_1145,49,UK,2022-08-18,391.19,0.15,58.68
1146,User_1146,53,Japan,2024-04-06,129.49,0.1,12.95
1147,User_1147,43,Germany,2024-07-17,890.87,?,44.54
1148,User_1148,54,Japan,2022-07-19,134.95,0.17,22.94
1149,User_1149,69,Canada,2023-12-22,850.36,0.16,136.06
1150,User_1150,33,Israel,2022-08-13,376.03,0.12,45.12
1151,User_1151,62,Canada,2024-02-19,706.16,0.11,77.68
1152,User_1152,,Japan,2020-11-17,107.47,0.06,6.45
1153,User_1153,31,USA,2024-05-23,144.85,0.05,7.24
1154,User_1154,32,UK,2020-05-09,38.43,0.18,6.92
1155,User_1155,37,USA,2023-10-08,277.9,0.11,30.57
1156,User_1156,27,Germany,2023-10-19,287.84,0.11,31.66
1157,User_1157,51,Canada,2021-06-08,303.23,0.14,42.45
1158,User_1158,59,India,2020-01-18,384.93,0.14,53.89
1159,User_1159,41,India,2023-01-04,594.65,0.07,41.63
1160,User_1160,30,Germany,2023-03-05,72.27,0.14,10.12
1161,User_1161,28,Canada,2022-12-14,910.61,0.04,36.42
1162,User_1162,65,Canada,NaN,282.03,0.05,14.1
1163,User_1163,68,,2020-03-04,440.83,0.15,66.12
1164,User_1164,62,Germany,2022-06-27,319.84,0.18,57.57
1165,User_1165,40,Canada,2021-08-08,193.0,0.09,17.37
1166,User_1166,68,USA,2023-02-20,756.08,0.11,83.17
1167,User_1167,45,UK,2024-08-22,401.39,0.04,16.06
1168,User_1168,33,India,2020-08-04,840.81,0.15,126.12
1169,User_1169,22,UK,2020-05-08,431.62,0.05,21.58
1170,User_1170,54,Japan,2024-03-18,-50.5,0.04,-2.02
1171,User_1171,45,Canada,2022-11-23,20000,0.14,2800.0
1172,User_1172,42,Germany,2024-04-30,275.26,0.1,27.53
1173,User_1173,52,Japan,2021-09-25,104.21,0.15,15.63
1174,User_1174,39,USA,2023-03-10,322.49,error,54.82
1175,User_1175,21,India,2021-06-23,833.08,0.15,124.96
1176,User_1176,57,UK,2021-07-08,416.64,0.16,66.66
1177,User_1177,62,UK,2020-12-03,971.28,0.16,155.4
1178,User_1178,50,Israel,2020-12-24,408.79,0.09,36.79
1179,User_1179,30,UK,2022-08-27,556.79,0.1,55.68
1180,User_1180,61,UK,2024-06-26,562.63,0.12,67.52
1181,User_1181,30,Canada,2021-10-23,351.29,0.1,35.13
1182,User_1182,22,USA,2022-12-13,822.39,0.06,49.34
1183,User_1183,50,Germany,2022-07-02,102.81,0.16,16.45
1184,User_1184,49,France,2023-05-23,284.39,0.11,31.28
1185,User_1185,48,France,2024-10-30,329.05,0.11,36.2
1186,User_1186,undefined,UK,2022-04-08,914.42,0.12,109.73
1187,User_1187,27,Germany,2020-08-19,920.67,0.15,138.1
1188,User_1188,57,India,2022-10-19,984.06,0.15,147.61
1189,User_1189,62,Israel,2024-10-11,743.12,0.16,118.9
1190,User_1190,24,France,2021-08-02,217.96,0.08,17.44
1191,User_1191,35,UK,2022-05-07,950.92,0.09,85.58
1192,User_1192,46,USA,2021-08-22,681.85,0.12,81.82
1193,User_1193,37,UK,2023-05-29,640.69,0.16,102.51
1194,User_1194,34,Japan,2023-12-05,950.58,0.13,123.58
855,User_855,67,France,2023-07-25,894.08,0.13,116.23
1196,User_1196,45,Germany,2021-12-28,631.6,0.12,75.79
1197,User_1197,66,UK,2023-06-01,500.61,0.07,35.04
1198,User_1198,18,Canada,2024-11-12,796.22,0.12,95.55
1199,User_1199,36,Japan,2023-07-15,441.88,0.09,39.77
950,User_950,67,Germany,2024-06-17,246.42,0.15,36.96
1201,User_1201,24,Israel,2022-03-31,132.5,0.09,11.92
1202,User_1202,44,,2024-09-14,922.95,0.05,46.15
1203,User_1203,53,Japan,2021-07-22,950.32,0.07,66.52
1204,User_1204,35,Israel,2020-12-06,387.33,0.18,69.72
1205,User_1205,34,France,2024-10-02,18.86,0.15,2.83
1206,User_1206,31,India,2020-03-25,450.31,0.1,45.03
1207,User_1207,61,USA,2020-07-23,608.6,0.17,103.46
1208,User_1208,68,Israel,2021-11-18,367.92,0.08,29.43
1209,User_1209,59,USA,2020-08-29,413.46,0.09,37.21
1210,User_1210,52,Canada,2020-11-04,779.88,0.09,70.19
1211,User_1211,30,Germany,2023-08-13,851.43,0.07,59.6
1212,User_1212,32,UK,2024-06-04,652.73,0.16,104.44
1213,User_1213,37,France,2020-04-17,660.28,0.18,118.85
971,User_971,22,UK,2023-02-10,509.52,0.15,76.43
1215,User_1215,34,USA,2022-02-05,770.8,0.08,61.66
1216,User_1216,48,France,2023-04-29,315.52,0.09,28.4
1217,User_1217,56,Canada,2020-07-27,957.97,0.16,153.28
1218,User_1218,53,Japan,2024-02-12,248.6,0.13,32.32
1219,User_1219,20,India,2024-10-30,24.3,0.05,1.22
1220,User_1220,22,USA,2021-05-22,918.9,0.06,55.13
1221,User_1221,36,USA,2020-07-19,872.73,0.07,61.09
1222,User_1222,33,Israel,2022-11-27,?,0.12,12.69
1223,User_1223,37,USA,2022-03-15,395.79,0.11,43.54
1224,User_1224,70,Canada,2022-02-03,751.81,0.16,120.29
1225,User_1225,46,Canada,2023-11-07,39.99,0.15,6.0
1226,User_1226,35,USA,2024-11-19,266.94,0.15,40.04
1227,User_1227,55,India,2021-10-21,795.16,0.11,87.47
1228,User_1228,61,Israel,2024-08-17,81.46,0.12,9.78
1229,User_1229,65,Japan,2021-11-23,233.71,0.06,14.02
1230,User_1230,45,Japan,2022-03-24,111.97,0.16,17.92
1231,User_1231,46,Canada,2020-08-27,90.09,0.16,14.41
1232,User_1232,58,France,2022-06-04,-50.5,0.05,-2.53
1233,User_1233,54,Japan,2024-10-08,935.77,0.09,84.22
1234,User_1234,60,Canada,2023-01-22,976.14,0.07,68.33
1235,User_1235,69,France,2024-11-21,220.6,0.1,22.06
1236,User_1236,57,India,2024-02-12,719.64,0.18,129.54
1237,User_1237,44,UK,2020-12-07,20000,0.09,1800.0
1238,User_1238,61,Israel,2020-12-16,970.34,0.09,87.33
1239,User_1239,57,Canada,2024-02-27,138.0,0.13,17.94
1240,User_1240,27,UK,2021-12-05,862.85,0.09,77.66
1241,User_1241,150,India,2020-09-12,842.06,0.17,143.15
1242,User_1242,64,Israel,2021-06-25,720.02,0.05,36.0
1243,User_1243,18,Israel,2020-10-29,579.41,0.12,69.53
12,,47,USA,2022-07-02,917.86,0.09,82.61
1245,User_1245,55,Israel,2021-06-05,509.14,0.06,30.55
1246,User_1246,59,Canada,2022-12-09,699.9,0.07,48.99
1247,User_1247,70,France,2020-09-05,944.8,0.16,151.17
1248,User_1248,36,UK,2020-02-06,387.04,0.11,42.57
1249,User_1249,52,Canada,2024-08-12,247.32,0.16,39.57
1250,User_1250,22,Japan,2022-10-16,270.97,0.07,18.97
1251,User_1251,38,France,2020-10-30,963.25,0.12,115.59
1252,User_1252,33,Canada,2023-03-24,640.72,0.18,115.33
1253,User_1253,24,USA,2022-08-02,79.13,0.05,3.96
1254,User_1254,65,Japan,2024-04-07,92.73,0.14,12.98
1255,User_1255,49,USA,2023-01-31,207.44,0.12,24.89
1256,User_1256,29,Japan,2024-09-24,430.97,0.05,21.55
1257,User_1257,59,UK,2022-07-17,385.22,0.14,53.93
1258,User_1258,69,Japan,2021-08-05,693.58,0.17,117.91
1259,User_1259,43,Germany,2023-03-09,662.33,0.07,46.36
1260,User_1260,53,India,2022-12-30,153.57,0.14,21.5
1261,User_1261,69,Israel,2023-03-15,658.73,0.15,98.81
1262,User_1262,28,Canada,2023-11-16,672.03,0.11,73.92
1263,User_1263,error,USA,2024-07-04,685.27,0.06,41.12
1264,User_1264,26,Germany,2020-04-04,798.18,0.11,87.8
1265,User_1265,55,France,2022-07-03,405.9,0.11,44.65
1266,User_1266,65,India,2022-04-18,742.49,0.1,74.25
1267,User_1267,50,Canada,2024-04-07,478.12,0.16,76.5
1268,User_1268,22,Canada,2022-10-21,395.78,0.06,23.75
1269,User_1269,35,USA,2023-06-14,363.48,0.05,18.17
1270,User_1270,22,Germany,2024-02-16,760.58,0.12,91.27
1271,User_1271,64,Canada,2021-09-18,80.4,0.14,11.26
1272,User_1272,48,Canada,2021-10-23,487.72,0.15,73.16
1273,User_1273,67,India,2020-08-21,251.87,0.11,27.71
1274,User_1274,23,France,2023-09-27,499.69,0.14,69.96
1275,User_1275,40,USA,2023-12-28,514.43,0.07,36.01
1276,User_1276,49,USA,2020-11-13,454.19,0.09,40.88
1277,User_1277,18,Canada,2023-08-28,134.42,0.11,14.79
1278,User_1278,44,Germany,2023-08-31,780.06,0.16,124.81
1279,User_1279,36,USA,2021-06-25,506.87,0.17,86.17
1280,User_1280,42,Israel,2023-09-16,241.56,0.09,21.74
1281,User_1281,26,Canada,2023-09-28,565.51,0.17,96.14
1282,User_1282,67,Canada,2024-11-01,296.66,0.08,23.73
1283,User_1283,31,Germany,2020-04-29,253.58,N/A,35.5
1284,User_1284,63,UK,2022-04-01,748.85,0.14,104.84
1285,User_1285,37,France,2024-07-30,37.18,0.16,5.95
1286,User_1286,43,Israel,2021-01-15,,0.06,9.48
1287,User_1287,60,Canada,2020-12-24,608.69,0.09,54.78
70,User_70,39,UK,2020-08-02,725.56,0.09,65.3
1289,User_1289,24,France,2021-01-02,790.56,0.08,63.24
1290,User_1290,58,India,2022-09-03,40.35,0.11,4.44
1291,User_1291,19,India,2023-04-14,674.22,0.17,114.62
1292,User_1292,61,USA,2024-04-12,893.72,0.12,107.25
1293,User_1293,24,UK,2021-09-16,410.81,0.12,49.3
1294,User_1294,44,Japan,2020-03-10,950.34,0.13,123.54
1295,User_1295,31,USA,2020-04-17,176.4,0.1,17.64
1296,User_1296,19,Japan,2020-05-22,182.0,0.17,30.94
1297,User_1297,28,France,NaN,72.61,0.07,5.08
220,User_220,29,UK,2020-03-28,993.03,0.04,39.72
1299,User_1299,31,USA,2024-09-10,876.2,0.05,43.81
747,User_747,18,UK,2023-02-01,171.58,0.16,27.45
1301,User_1301,30,Japan,2024-04-21,478.33,0.07,33.48
1302,User_1302,41,Canada,2023-01-10,205.12,0.05,10.26
1303,User_1303,26,Germany,2020-05-30,966.82,0.15,145.02
1304,User_1304,41,Germany,2021-11-05,225.96,0.1,22.6
1305,User_1305,46,Canada,2020-02-29,17.56,0.05,0.88
1306,User_1306,22,USA,2022-02-10,78.32,0.16,12.53
1307,User_1307,63,Israel,2021-12-23,178.05,0.07,12.46
1308,User_1308,38,USA,2023-04-28,undefined,0.12,29.51
1309,User_1309,65,UK,2024-09-22,861.09,0.15,129.16
1310,User_1310,49,India,2021-09-01,62.76,0.17,10.67
1311,User_1311,59,Israel,2021-04-07,153.25,,22.99
1312,User_1312,35,France,2022-01-16,588.13,0.12,70.58
1313,User_1313,45,UK,2022-02-06,708.48,0.16,113.36
1314,User_1314,49,Japan,2021-09-28,867.01,0.08,69.36
1315,User_1315,61,Israel,2024-08-24,910.45,0.06,54.63
1316,User_1316,61,France,2022-05-27,154.79,0.08,12.38
1317,User_1317,55,France,2023-02-06,552.72,0.07,38.69
1318,User_1318,27,France,2024-07-29,476.54,0.07,33.36
1319,User_1319,22,UK,2022-04-20,63.06,0.1,6.31
1320,User_1320,43,USA,2023-05-13,665.89,0.06,39.95
1321,User_1321,41,Japan,2020-06-09,675.98,NaN,nan
1322,User_1322,39,UK,2024-05-01,669.56,0.06,40.17
1323,User_1323,48,Germany,2024-05-24,32.75,0.08,2.62
1324,User_1324,24,Japan,2020-11-05,541.82,0.1,54.18
1325,User_1325,24,Israel,2024-11-07,822.04,0.12,98.64
1326,User_1326,43,Israel,2024-05-25,588.21,0.11,64.7
1327,User_1327,23,UK,2021-03-02,668.19,0.05,33.41
1328,User_1328,42,Germany,2020-01-13,855.65,0.17,145.46
1329,User_1329,60,USA,2022-05-14,572.71,0.15,85.91
1330,User_1330,20,UK,2021-02-13,119.82,0.17,20.37
1331,User_1331,38,Germany,2020-02-14,865.99,0.16,138.56
1332,User_1332,67,UK,2022-10-25,712.07,0.15,106.81
273,User_273,56,UK,2020-06-10,965.61,0.11,106.22
1334,User_1334,35,Canada,2020-05-13,740.58,0.15,111.09
1335,User_1335,24,Israel,2021-09-17,23.26,0.16,3.72
1336,User_1336,54,Israel,2022-04-14,19.24,0.11,2.12
1337,User_1337,60,Germany,2021-07-18,893.67,0.09,80.43
1338,User_1338,70,Japan,2022-12-16,823.66,0.07,57.66
1339,User_1339,51,UK,2022-03-26,241.81,0.17,41.11
1340,User_1340,44,Israel,2020-09-27,969.77,0.09,87.28
1341,User_1341,48,Germany,2024-08-28,57.26,0.1,5.73
1342,User_1342,48,Canada,2022-03-08,546.01,0.1,54.6
1343,User_1343,53,Japan,2021-02-27,478.9,0.09,43.1
1344,User_1344,67,India,2023-11-21,606.89,0.08,48.55
1345,User_1345,56,Israel,2024-05-07,13.91,0.14,1.95
1346,User_1346,22,India,2024-02-28,305.27,0.17,51.9
1347,User_1347,64,Japan,2024-10-21,849.94,0.15,127.49
1348,User_1348,150,Canada,2023-03-17,548.38,0.14,76.77
1349,User_1349,43,Israel,2021-12-15,10.5,0.17,1.79
1350,User_1350,38,Israel,2023-11-23,422.84,5.0,2114.2
1351,User_1351,31,Japan,2023-08-30,10.54,0.15,1.58
1352,User_1352,27,Germany,2024-04-20,146.16,0.05,7.31
1353,User_1353,45,Japan,2021-05-24,396.61,0.13,51.56
1354,User_1354,39,UK,2022-08-04,272.36,1.0,272.36
1355,User_1355,53,Japan,2022-08-12,422.92,0.09,38.06
1356,User_1356,63,Canada,2022-12-09,345.18,0.07,24.16
1357,User_1357,70,USA,2020-02-03,600.12,0.06,36.01
1358,User_1358,47,Japan,2024-03-03,526.6,?,73.72
1359,User_1359,38,Germany,2022-10-17,954.34,0.15,143.15
1360,User_1360,28,Israel,2022-03-17,-50.5,0.14,-7.07
1361,User_1361,51,Germany,2022-03-19,347.66,0.11,38.24
1362,User_1362,36,Germany,2023-10-16,259.09,0.12,31.09
1363,User_1363,65,India,2024-09-20,769.71,0.06,46.18
1364,User_1364,51,India,2023-02-04,192.63,0.13,25.04
1365,User_1365,45,USA,2020-08-25,799.69,0.1,79.97
1366,User_1366,51,Canada,2024-08-13,785.98,1.0,785.98
1367,User_1367,31,Germany,2020-07-23,401.74,0.11,44.19
1368,User_1368,20,USA,2023-05-15,607.14,0.17,103.21
1369,User_1369,34,USA,2023-05-02,940.36,0.09,84.63
1370,User_1370,23,UK,2024-11-21,854.04,0.18,153.73
1371,User_1371,31,Israel,2020-12-22,,0.16,27.64
1372,User_1372,56,Germany,2021-08-09,796.74,0.11,87.64
1373,User_1373,64,Germany,2023-02-12,835.82,0.17,142.09
1374,User_1374,25,UK,2022-05-19,646.79,0.09,58.21
1375,User_1375,49,Germany,2024-10-25,392.57,0.05,19.63
1376,User_1376,39,NaN,2023-12-08,970.27,0.09,87.32
1377,User_1377,20,NaN,2021-11-07,183.08,0.12,21.97
1378,User_1378,20,Israel,2020-07-17,382.01,0.04,15.28
1379,User_1379,26,UK,2022-12-25,191.97,0.06,11.52
1380,User_1380,59,Canada,2020-01-15,571.66,0.13,74.32
1381,User_1381,26,Israel,2022-09-24,944.59,0.14,132.24
1382,User_1382,57,UK,2024-11-23,807.76,0.07,56.54
1383,NaN,48,Canada,2024-01-15,106.93,0.06,6.42
1384,User_1384,36,Japan,2022-03-20,646.17,0.17,109.85
1385,User_1385,51,India,2024-07-29,203.85,0.14,28.54
1386,User_1386,46,France,2021-08-21,193.12,0.17,32.83
1387,User_1387,48,India,2022-03-24,296.74,?,11.87
1388,User_1388,67,Japan,2021-11-16,736.81,0.13,95.79
1389,User_1389,49,Canada,2023-10-17,515.34,0.05,25.77
1390,User_1390,61,Canada,2023-03-20,199.8,0.13,25.97
1391,User_1391,63,India,2024-11-23,87.86,0.16,14.06
1392,User_1392,50,USA,2022-07-24,166.53,0.08,13.32
1393,User_1393,27,Japan,2021-11-27,494.05,0.07,34.58
1394,User_1394,43,USA,2021-12-21,974.64,0.12,116.96
1395,User_1395,46,France,2023-07-17,95.12,,11.41
1396,User_1396,41,India,2023-01-01,337.64,0.05,16.88
1397,User_1397,,USA,2024-04-29,795.14,0.06,47.71
1398,User_1398,23,France,2023-09-26,123.94,0.08,9.92
1399,User_1399,39,UK,2024-08-09,267.37,0.13,34.76
1400,User_1400,53,Germany,2020-11-03,604.46,0.07,42.31
1401,User_1401,31,India,2022-07-07,510.76,0.17,86.83
1402,User_1402,24,Canada,2022-07-25,843.35,0.05,42.17
1403,User_1403,50,India,2024-07-17,285.69,0.15,42.85
1404,User_1404,38,Canada,2022-12-18,444.55,0.08,35.56
1405,User_1405,47,France,2022-09-07,249.27,0.1,24.93
1406,User_1406,63,Japan,NaN,762.76,0.12,91.53
1407,User_1407,59,USA,2024-05-06,217.71,0.1,21.77
1408,User_1408,21,India,2024-05-14,842.02,0.14,117.88
1409,User_1409,70,UK,2021-05-18,913.43,0.14,127.88
1410,User_1410,59,France,2023-02-05,838.09,0.06,50.29
1411,User_1411,49,UK,2022-05-16,888.1,0.12,106.57
1412,User_1412,69,Germany,,435.43,0.17,74.02
167,User_167,45,NaN,2022-02-03,252.82,0.05,12.64
1414,User_1414,23,India,2021-09-30,920.63,0.14,128.89
1415,User_1415,47,Germany,2023-01-27,618.66,0.16,98.99
1416,User_1416,51,UK,2021-04-02,675.83,0.04,27.03
1417,User_1417,NaN,Germany,2022-01-29,456.23,0.09,41.06
1418,User_1418,50,Germany,2020-03-23,926.63,0.15,138.99
1419,User_1419,59,USA,2023-03-04,272.75,0.05,13.64
1420,User_1420,53,Canada,2023-10-26,176.52,0.08,14.12
1421,User_1421,38,Japan,2024-04-05,81.2,0.1,8.12
1422,User_1422,20,USA,2021-03-10,984.64,0.13,128.0
1423,User_1423,64,France,2022-11-01,386.06,0.1,38.61
1424,User_1424,48,Canada,2024-10-23,179.51,0.17,30.52
1425,User_1425,42,USA,2020-08-06,204.63,0.05,10.23
1426,User_1426,62,USA,2021-07-01,222.37,0.08,17.79
1427,User_1427,45,Germany,2022-01-03,592.34,0.1,59.23
1428,User_1428,62,India,2022-04-12,224.91,0.13,29.24
1429,User_1429,48,Japan,2021-11-25,91.25,0.14,12.78
1430,User_1430,51,UK,2020-09-27,544.36,0.16,87.1
1431,User_1431,150,France,2024-09-15,657.3,0.05,32.87
1432,User_1432,39,Canada,2024-03-01,705.29,0.15,105.79
1433,User_1433,62,UK,2024-07-25,,0.07,23.29
1434,User_1434,63,France,2021-12-18,784.25,0.05,39.21
1435,User_1435,70,India,2021-12-27,196.99,0.09,17.73
1436,User_1436,27,Germany,2020-04-03,116.25,0.05,5.81
1437,User_1437,29,Germany,2020-05-14,637.3,0.14,89.22
1438,User_1438,28,UK,2023-08-07,775.89,0.15,116.38
765,User_765,21,Canada,2021-09-27,824.6,N/A,82.46
1440,User_1440,25,Israel,2024-06-16,339.1,0.12,40.69
1441,User_1441,55,USA,2024-03-04,124.52,0.18,22.41
1442,User_1442,65,Canada,2022-04-17,344.03,0.11,37.84
389,User_389,49,Israel,2021-06-24,876.95,0.04,35.08
1444,User_1444,55,Canada,2022-12-14,967.38,0.1,96.74
1445,User_1445,59,Germany,2021-07-01,586.8,0.08,46.94
1446,User_1446,60,Canada,2023-12-17,371.07,0.13,48.24
1447,User_1447,60,France,2023-04-11,438.08,0.08,35.05
1448,User_1448,26,UK,2020-06-18,478.18,0.12,57.38
1449,User_1449,59,India,2021-07-23,87.59,0.08,7.01
1450,User_1450,67,UK,2021-08-08,635.04,0.18,114.31
1451,User_1451,20,Germany,2021-02-09,236.52,0.1,23.65
1452,User_1452,32,Germany,2021-08-05,490.49,0.11,53.95
1453,User_1453,54,Germany,2021-04-18,253.63,0.13,32.97
1454,User_1454,45,Canada,2020-01-12,199.28,0.06,11.96
1455,User_1455,46,Germany,2024-01-02,131.96,0.05,6.6
1456,User_1456,45,Germany,2023-04-02,209.25,NaN,nan
1457,User_1457,34,Japan,2023-07-15,369.54,0.11,40.65
1458,User_1458,47,France,2021-02-09,284.14,0.11,31.26
1459,User_1459,40,Germany,2020-06-28,698.19,5.0,3490.95
1460,User_1460,54,Israel,2023-07-01,370.67,0.14,51.89
1461,User_1461,58,Germany,2021-09-09,676.08,0.04,27.04
1462,User_1462,46,France,2021-05-28,990.7,0.07,69.35
1463,User_1463,52,Israel,2020-01-25,826.5,0.07,57.86
1464,User_1464,60,UK,2024-10-26,-50.5,0.14,-7.07
1465,User_1465,20,Canada,2024-04-08,383.08,0.05,19.15
1466,User_1466,35,Israel,2022-05-30,918.13,0.09,82.63
1467,User_1467,60,India,2020-01-08,502.78,0.17,85.47
1468,User_1468,26,France,2020-10-06,197.0,0.17,33.49
1469,User_1469,67,Germany,2023-10-03,308.34,0.13,40.08
1470,User_1470,52,India,2023-10-04,281.2,0.05,14.06
1471,User_1471,44,USA,2024-03-23,397.14,0.16,63.54
1472,User_1472,28,France,2024-03-26,783.16,0.14,109.64
1473,User_1473,64,France,2023-03-25,728.17,0.07,50.97
1474,User_1474,35,France,2020-09-24,299.61,0.05,14.98
1475,User_1475,46,Germany,2020-01-21,585.79,0.17,99.58
1476,User_1476,38,Israel,2024-10-12,502.31,0.05,25.12
1477,User_1477,19,USA,2020-01-08,921.81,0.06,55.31
1478,User_1478,67,India,2022-08-02,89.48,0.15,13.42
1479,User_1479,67,France,2021-03-15,245.08,0.14,34.31
1480,User_1480,46,USA,2023-08-26,673.41,0.12,80.81
1481,User_1481,47,UK,2020-07-20,44.32,0.11,4.88
1482,User_1482,49,UK,2024-07-04,219.43,0.11,24.14
1483,User_1483,27,USA,2023-02-07,30.58,0.15,4.59
1484,User_1484,36,Canada,2021-06-25,488.94,0.06,29.34
1485,User_1485,20,India,2022-05-31,844.7,0.11,92.92
1486,User_1486,21,Germany,2020-10-15,712.49,0.05,35.62
1487,User_1487,29,Israel,2023-07-13,888.25,0.05,44.41
1488,User_1488,49,Germany,2023-08-26,723.76,0.16,115.8
1489,User_1489,31,USA,2022-06-05,137.25,0.18,24.7
1490,User_1490,26,India,2023-06-01,457.86,0.05,22.89
1491,User_1491,21,Japan,2023-11-05,354.92,0.15,53.24
1492,User_1492,22,UK,2021-04-06,441.16,0.06,26.47
1493,User_1493,55,India,2020-02-12,N/A,0.15,45.08
1494,User_1494,38,Israel,2023-09-17,70.42,0.14,9.86
1495,User_1495,70,USA,2022-09-19,886.4,0.11,97.5
1496,User_1496,39,France,2020-12-12,294.12,0.12,35.29
1497,User_1497,24,UK,2024-05-03,NaN,0.14,nan
1498,User_1498,59,Germany,2023-09-30,206.63,0.15,30.99
1499,User_1499,19,USA,2020-08-26,319.99,0.17,54.4
1294,User_1294,44,Japan,2020-03-10,950.34,0.13,123.54
